date,variable,value,estimate_type
2023,chained_cpiu,169.966,actual
2024,chained_cpiu,174.362,actual
2025,chained_cpiu,178.522,projected
2026,chained_cpiu,183.112,projected
2027,chained_cpiu,187.212,projected
2028,chained_cpiu,191.088,projected
2029,chained_cpiu,194.917,projected
2030,chained_cpiu,198.775,projected
2031,chained_cpiu,202.695,projected
2032,chained_cpiu,206.688,projected
2033,chained_cpiu,210.759,projected
2034,chained_cpiu,214.912,projected
2035,chained_cpiu,219.152,projected
2036,chained_cpiu,223.479,projected
2023,chained_cpiu_pct_change,3.873,actual
2024,chained_cpiu_pct_change,2.586,actual
2025,chained_cpiu_pct_change,2.386,projected
2026,chained_cpiu_pct_change,2.571,projected
2027,chained_cpiu_pct_change,2.238,projected
2028,chained_cpiu_pct_change,2.069,projected
2029,chained_cpiu_pct_change,2.003,projected
2030,chained_cpiu_pct_change,1.979,projected
2031,chained_cpiu_pct_change,1.971,projected
2032,chained_cpiu_pct_change,1.969,projected
2033,chained_cpiu_pct_change,1.969,projected
2034,chained_cpiu_pct_change,1.97,projected
2035,chained_cpiu_pct_change,1.972,projected
2036,chained_cpiu_pct_change,1.974,projected
2023,change_pri_inv,53.7,actual
2024,change_pri_inv,53.5,actual
2025,change_pri_inv,50.0,projected
2026,change_pri_inv,65.5,projected
2027,change_pri_inv,60.9,projected
2028,change_pri_inv,60.6,projected
2029,change_pri_inv,64.8,projected
2030,change_pri_inv,71.0,projected
2031,change_pri_inv,76.2,projected
2032,change_pri_inv,82.0,projected
2033,change_pri_inv,87.3,projected
2034,change_pri_inv,92.7,projected
2035,change_pri_inv,97.8,projected
2036,change_pri_inv,101.7,projected
2023,compensation,14207.4,actual
2024,compensation,15027.1,actual
2025,compensation,15774.6,projected
2026,compensation,16478.7,projected
2027,compensation,17212.7,projected
2028,compensation,17940.1,projected
2029,compensation,18670.7,projected
2030,compensation,19419.7,projected
2031,compensation,20186.1,projected
2032,compensation,20967.8,projected
2033,compensation,21770.7,projected
2034,compensation,22596.4,projected
2035,compensation,23447.9,projected
2036,compensation,24329.7,projected
2023,compensation_share_of_gdp,51.1,actual
2024,compensation_share_of_gdp,51.3,actual
2025,compensation_share_of_gdp,51.4,projected
2026,compensation_share_of_gdp,51.1,projected
2027,compensation_share_of_gdp,51.1,projected
2028,compensation_share_of_gdp,51.3,projected
2029,compensation_share_of_gdp,51.4,projected
2030,compensation_share_of_gdp,51.5,projected
2031,compensation_share_of_gdp,51.5,projected
2032,compensation_share_of_gdp,51.6,projected
2033,compensation_share_of_gdp,51.6,projected
2034,compensation_share_of_gdp,51.6,projected
2035,compensation_share_of_gdp,51.6,projected
2036,compensation_share_of_gdp,51.6,projected
2023,core_cpiu,308.38,actual
2024,core_cpiu,318.992,actual
2025,core_cpiu,328.589,projected
2026,core_cpiu,338.893,projected
2027,core_cpiu,347.626,projected
2028,core_cpiu,355.822,projected
2029,core_cpiu,363.931,projected
2030,core_cpiu,372.152,projected
2031,core_cpiu,380.567,projected
2032,core_cpiu,389.183,projected
2033,core_cpiu,398.001,projected
2034,core_cpiu,407.024,projected
2035,core_cpiu,416.255,projected
2036,core_cpiu,425.698,projected
2023,core_cpiu_pct_change,4.781,actual
2024,core_cpiu_pct_change,3.441,actual
2025,core_cpiu_pct_change,3.008,projected
2026,core_cpiu_pct_change,3.135,projected
2027,core_cpiu_pct_change,2.576,projected
2028,core_cpiu_pct_change,2.357,projected
2029,core_cpiu_pct_change,2.278,projected
2030,core_cpiu_pct_change,2.259,projected
2031,core_cpiu_pct_change,2.261,projected
2032,core_cpiu_pct_change,2.263,projected
2033,core_cpiu_pct_change,2.265,projected
2034,core_cpiu_pct_change,2.267,projected
2035,core_cpiu_pct_change,2.267,projected
2036,core_cpiu_pct_change,2.268,projected
2023,core_pce_price_index,119.289,actual
2024,core_pce_price_index,122.801,actual
2025,core_pce_price_index,126.271,projected
2026,core_pce_price_index,129.907,projected
2027,core_pce_price_index,133.082,projected
2028,core_pce_price_index,136.024,projected
2029,core_pce_price_index,138.876,projected
2030,core_pce_price_index,141.701,projected
2031,core_pce_price_index,144.537,projected
2032,core_pce_price_index,147.402,projected
2033,core_pce_price_index,150.309,projected
2034,core_pce_price_index,153.266,projected
2035,core_pce_price_index,156.275,projected
2036,core_pce_price_index,159.342,projected
2023,core_pce_price_index_pct_change,4.172,actual
2024,core_pce_price_index_pct_change,2.944,actual
2025,core_pce_price_index_pct_change,2.825,projected
2026,core_pce_price_index_pct_change,2.879,projected
2027,core_pce_price_index_pct_change,2.444,projected
2028,core_pce_price_index_pct_change,2.21,projected
2029,core_pce_price_index_pct_change,2.096,projected
2030,core_pce_price_index_pct_change,2.034,projected
2031,core_pce_price_index_pct_change,2.0,projected
2032,core_pce_price_index_pct_change,1.982,projected
2033,core_pce_price_index_pct_change,1.972,projected
2034,core_pce_price_index_pct_change,1.966,projected
2035,core_pce_price_index_pct_change,1.963,projected
2036,core_pce_price_index_pct_change,1.962,projected
2023,corp_profits_adj,3617.3,actual
2024,corp_profits_adj,3801.7,actual
2025,corp_profits_adj,3991.9,projected
2026,corp_profits_adj,4186.5,projected
2027,corp_profits_adj,4191.1,projected
2028,corp_profits_adj,4192.3,projected
2029,corp_profits_adj,4221.1,projected
2030,corp_profits_adj,4324.1,projected
2031,corp_profits_adj,4475.6,projected
2032,corp_profits_adj,4660.1,projected
2033,corp_profits_adj,4857.2,projected
2034,corp_profits_adj,5066.7,projected
2035,corp_profits_adj,5289.1,projected
2036,corp_profits_adj,5516.6,projected
2023,corp_profits_adj_share_of_gdp,13.0,actual
2024,corp_profits_adj_share_of_gdp,13.0,actual
2025,corp_profits_adj_share_of_gdp,13.0,projected
2026,corp_profits_adj_share_of_gdp,13.0,projected
2027,corp_profits_adj_share_of_gdp,12.5,projected
2028,corp_profits_adj_share_of_gdp,12.0,projected
2029,corp_profits_adj_share_of_gdp,11.6,projected
2030,corp_profits_adj_share_of_gdp,11.5,projected
2031,corp_profits_adj_share_of_gdp,11.4,projected
2032,corp_profits_adj_share_of_gdp,11.5,projected
2033,corp_profits_adj_share_of_gdp,11.5,projected
2034,corp_profits_adj_share_of_gdp,11.6,projected
2035,corp_profits_adj_share_of_gdp,11.6,projected
2036,corp_profits_adj_share_of_gdp,11.7,projected
2023,corp_profits_domestic_adj,3144.3,actual
2024,corp_profits_domestic_adj,3344.2,actual
2025,corp_profits_domestic_adj,3463.6,projected
2026,corp_profits_domestic_adj,3598.0,projected
2027,corp_profits_domestic_adj,3618.6,projected
2028,corp_profits_domestic_adj,3625.3,projected
2029,corp_profits_domestic_adj,3648.7,projected
2030,corp_profits_domestic_adj,3740.1,projected
2031,corp_profits_domestic_adj,3874.4,projected
2032,corp_profits_domestic_adj,4037.2,projected
2033,corp_profits_domestic_adj,4206.8,projected
2034,corp_profits_domestic_adj,4384.3,projected
2035,corp_profits_domestic_adj,4573.3,projected
2036,corp_profits_domestic_adj,4767.0,projected
2023,corp_profits_domestic_adj_share_of_gdp,11.3,actual
2024,corp_profits_domestic_adj_share_of_gdp,11.4,actual
2025,corp_profits_domestic_adj_share_of_gdp,11.3,projected
2026,corp_profits_domestic_adj_share_of_gdp,11.1,projected
2027,corp_profits_domestic_adj_share_of_gdp,10.8,projected
2028,corp_profits_domestic_adj_share_of_gdp,10.4,projected
2029,corp_profits_domestic_adj_share_of_gdp,10.0,projected
2030,corp_profits_domestic_adj_share_of_gdp,9.9,projected
2031,corp_profits_domestic_adj_share_of_gdp,9.9,projected
2032,corp_profits_domestic_adj_share_of_gdp,9.9,projected
2033,corp_profits_domestic_adj_share_of_gdp,10.0,projected
2034,corp_profits_domestic_adj_share_of_gdp,10.0,projected
2035,corp_profits_domestic_adj_share_of_gdp,10.1,projected
2036,corp_profits_domestic_adj_share_of_gdp,10.1,projected
2023,cpiu,304.704,actual
2024,cpiu,313.697,actual
2025,cpiu,322.378,projected
2026,cpiu,331.807,projected
2027,cpiu,340.26,projected
2028,cpiu,348.295,projected
2029,cpiu,356.264,projected
2030,cpiu,364.328,projected
2031,cpiu,372.557,projected
2032,cpiu,380.967,projected
2033,cpiu,389.564,projected
2034,cpiu,398.355,projected
2035,cpiu,407.346,projected
2036,cpiu,416.542,projected
2023,cpiu_medical_price_index,549.081,actual
2024,cpiu_medical_price_index,563.841,actual
2025,cpiu_medical_price_index,581.279,projected
2026,cpiu_medical_price_index,600.332,projected
2027,cpiu_medical_price_index,617.675,projected
2028,cpiu_medical_price_index,636.697,projected
2029,cpiu_medical_price_index,656.371,projected
2030,cpiu_medical_price_index,676.782,projected
2031,cpiu_medical_price_index,697.848,projected
2032,cpiu_medical_price_index,719.546,projected
2033,cpiu_medical_price_index,741.904,projected
2034,cpiu_medical_price_index,764.927,projected
2035,cpiu_medical_price_index,788.642,projected
2036,cpiu_medical_price_index,813.07,projected
2023,cpiu_medical_price_index_pct_change,0.463,actual
2024,cpiu_medical_price_index_pct_change,2.688,actual
2025,cpiu_medical_price_index_pct_change,3.092,projected
2026,cpiu_medical_price_index_pct_change,3.277,projected
2027,cpiu_medical_price_index_pct_change,2.888,projected
2028,cpiu_medical_price_index_pct_change,3.079,projected
2029,cpiu_medical_price_index_pct_change,3.09,projected
2030,cpiu_medical_price_index_pct_change,3.109,projected
2031,cpiu_medical_price_index_pct_change,3.112,projected
2032,cpiu_medical_price_index_pct_change,3.109,projected
2033,cpiu_medical_price_index_pct_change,3.107,projected
2034,cpiu_medical_price_index_pct_change,3.103,projected
2035,cpiu_medical_price_index_pct_change,3.1,projected
2036,cpiu_medical_price_index_pct_change,3.097,projected
2023,cpiu_pct_change,4.127,actual
2024,cpiu_pct_change,2.951,actual
2025,cpiu_pct_change,2.767,projected
2026,cpiu_pct_change,2.924,projected
2027,cpiu_pct_change,2.547,projected
2028,cpiu_pct_change,2.361,projected
2029,cpiu_pct_change,2.288,projected
2030,cpiu_pct_change,2.263,projected
2031,cpiu_pct_change,2.258,projected
2032,cpiu_pct_change,2.257,projected
2033,cpiu_pct_change,2.256,projected
2034,cpiu_pct_change,2.256,projected
2035,cpiu_pct_change,2.257,projected
2036,cpiu_pct_change,2.257,projected
2023,current_account_balance,-937.9,actual
2024,current_account_balance,-1179.9,actual
2025,current_account_balance,-1178.4,projected
2026,current_account_balance,-1065.8,projected
2027,current_account_balance,-1090.8,projected
2028,current_account_balance,-1074.5,projected
2029,current_account_balance,-1058.4,projected
2030,current_account_balance,-1066.8,projected
2031,current_account_balance,-1067.6,projected
2032,current_account_balance,-1049.5,projected
2033,current_account_balance,-1050.5,projected
2034,current_account_balance,-1063.6,projected
2035,current_account_balance,-1104.8,projected
2036,current_account_balance,-1175.8,projected
2023,dividend_inc_pers,2147.4,actual
2024,dividend_inc_pers,2218.7,actual
2025,dividend_inc_pers,2281.6,projected
2026,dividend_inc_pers,2428.5,projected
2027,dividend_inc_pers,2430.7,projected
2028,dividend_inc_pers,2429.5,projected
2029,dividend_inc_pers,2425.0,projected
2030,dividend_inc_pers,2473.1,projected
2031,dividend_inc_pers,2559.1,projected
2032,dividend_inc_pers,2670.1,projected
2033,dividend_inc_pers,2795.5,projected
2034,dividend_inc_pers,2929.5,projected
2035,dividend_inc_pers,3071.7,projected
2036,dividend_inc_pers,3216.6,projected
2023,dividend_inc_pers_share_of_gdp,7.7,actual
2024,dividend_inc_pers_share_of_gdp,7.6,actual
2025,dividend_inc_pers_share_of_gdp,7.4,projected
2026,dividend_inc_pers_share_of_gdp,7.5,projected
2027,dividend_inc_pers_share_of_gdp,7.2,projected
2028,dividend_inc_pers_share_of_gdp,6.9,projected
2029,dividend_inc_pers_share_of_gdp,6.7,projected
2030,dividend_inc_pers_share_of_gdp,6.6,projected
2031,dividend_inc_pers_share_of_gdp,6.5,projected
2032,dividend_inc_pers_share_of_gdp,6.6,projected
2033,dividend_inc_pers_share_of_gdp,6.6,projected
2034,dividend_inc_pers_share_of_gdp,6.7,projected
2035,dividend_inc_pers_share_of_gdp,6.8,projected
2036,dividend_inc_pers_share_of_gdp,6.8,projected
2023,eci_wages_salaries,161.925,actual
2024,eci_wages_salaries,168.3,actual
2025,eci_wages_salaries,174.142,projected
2026,eci_wages_salaries,180.092,projected
2027,eci_wages_salaries,186.142,projected
2028,eci_wages_salaries,191.975,projected
2029,eci_wages_salaries,197.787,projected
2030,eci_wages_salaries,203.677,projected
2031,eci_wages_salaries,209.7,projected
2032,eci_wages_salaries,215.881,projected
2033,eci_wages_salaries,222.235,projected
2034,eci_wages_salaries,228.773,projected
2035,eci_wages_salaries,235.501,projected
2036,eci_wages_salaries,242.426,projected
2023,eci_wages_salaries_pct_change,4.602,actual
2024,eci_wages_salaries_pct_change,3.937,actual
2025,eci_wages_salaries_pct_change,3.471,projected
2026,eci_wages_salaries_pct_change,3.416,projected
2027,eci_wages_salaries_pct_change,3.359,projected
2028,eci_wages_salaries_pct_change,3.133,projected
2029,eci_wages_salaries_pct_change,3.027,projected
2030,eci_wages_salaries_pct_change,2.978,projected
2031,eci_wages_salaries_pct_change,2.956,projected
2032,eci_wages_salaries_pct_change,2.947,projected
2033,eci_wages_salaries_pct_change,2.943,projected
2034,eci_wages_salaries_pct_change,2.941,projected
2035,eci_wages_salaries_pct_change,2.94,projected
2036,eci_wages_salaries_pct_change,2.94,projected
2023,empl_civ_16yo,161.041,actual
2024,empl_civ_16yo,161.349,actual
2025,empl_civ_16yo,163.552,projected
2026,empl_civ_16yo,164.434,projected
2027,empl_civ_16yo,165.435,projected
2028,empl_civ_16yo,166.341,projected
2029,empl_civ_16yo,167.332,projected
2030,empl_civ_16yo,168.332,projected
2031,empl_civ_16yo,169.175,projected
2032,empl_civ_16yo,169.958,projected
2033,empl_civ_16yo,170.67,projected
2034,empl_civ_16yo,171.321,projected
2035,empl_civ_16yo,171.941,projected
2036,empl_civ_16yo,172.536,projected
2023,empl_civ_16yo_census,162.411,actual
2024,empl_civ_16yo_census,164.392,actual
2025,empl_civ_16yo_census,164.743,projected
2026,empl_civ_16yo_census,165.116,projected
2027,empl_civ_16yo_census,165.814,projected
2028,empl_civ_16yo_census,166.595,projected
2029,empl_civ_16yo_census,167.473,projected
2030,empl_civ_16yo_census,168.389,projected
2031,empl_civ_16yo_census,169.21,projected
2032,empl_civ_16yo_census,169.98,projected
2033,empl_civ_16yo_census,170.685,projected
2034,empl_civ_16yo_census,171.331,projected
2035,empl_civ_16yo_census,171.948,projected
2036,empl_civ_16yo_census,172.54,projected
2023,empl_civ_16yo_census_pct_change,1.98,actual
2024,empl_civ_16yo_census_pct_change,1.219,actual
2025,empl_civ_16yo_census_pct_change,0.213,projected
2026,empl_civ_16yo_census_pct_change,0.226,projected
2027,empl_civ_16yo_census_pct_change,0.422,projected
2028,empl_civ_16yo_census_pct_change,0.471,projected
2029,empl_civ_16yo_census_pct_change,0.527,projected
2030,empl_civ_16yo_census_pct_change,0.546,projected
2031,empl_civ_16yo_census_pct_change,0.487,projected
2032,empl_civ_16yo_census_pct_change,0.455,projected
2033,empl_civ_16yo_census_pct_change,0.414,projected
2034,empl_civ_16yo_census_pct_change,0.378,projected
2035,empl_civ_16yo_census_pct_change,0.359,projected
2036,empl_civ_16yo_census_pct_change,0.344,projected
2023,empl_civ_16yo_pct_change,1.735,actual
2024,empl_civ_16yo_pct_change,0.191,actual
2025,empl_civ_16yo_pct_change,1.365,projected
2026,empl_civ_16yo_pct_change,0.539,projected
2027,empl_civ_16yo_pct_change,0.608,projected
2028,empl_civ_16yo_pct_change,0.547,projected
2029,empl_civ_16yo_pct_change,0.595,projected
2030,empl_civ_16yo_pct_change,0.597,projected
2031,empl_civ_16yo_pct_change,0.501,projected
2032,empl_civ_16yo_pct_change,0.462,projected
2033,empl_civ_16yo_pct_change,0.419,projected
2034,empl_civ_16yo_pct_change,0.381,projected
2035,empl_civ_16yo_pct_change,0.361,projected
2036,empl_civ_16yo_pct_change,0.345,projected
2023,empl_payroll_nf,155.879,actual
2024,empl_payroll_nf,157.96,actual
2025,empl_payroll_nf,159.457,projected
2026,empl_payroll_nf,160.479,projected
2027,empl_payroll_nf,161.161,projected
2028,empl_payroll_nf,161.622,projected
2029,empl_payroll_nf,162.135,projected
2030,empl_payroll_nf,162.658,projected
2031,empl_payroll_nf,163.188,projected
2032,empl_payroll_nf,163.724,projected
2033,empl_payroll_nf,164.264,projected
2034,empl_payroll_nf,164.807,projected
2035,empl_payroll_nf,165.349,projected
2036,empl_payroll_nf,165.891,projected
2023,empl_payroll_nf_pct_change,2.191,actual
2024,empl_payroll_nf_pct_change,1.335,actual
2025,empl_payroll_nf_pct_change,0.947,projected
2026,empl_payroll_nf_pct_change,0.641,projected
2027,empl_payroll_nf_pct_change,0.424,projected
2028,empl_payroll_nf_pct_change,0.286,projected
2029,empl_payroll_nf_pct_change,0.317,projected
2030,empl_payroll_nf_pct_change,0.322,projected
2031,empl_payroll_nf_pct_change,0.325,projected
2032,empl_payroll_nf_pct_change,0.328,projected
2033,empl_payroll_nf_pct_change,0.329,projected
2034,empl_payroll_nf_pct_change,0.33,projected
2035,empl_payroll_nf_pct_change,0.329,projected
2036,empl_payroll_nf_pct_change,0.327,projected
2023,exchange_rate_export_weighted,213.024,actual
2024,exchange_rate_export_weighted,216.35,actual
2025,exchange_rate_export_weighted,216.804,projected
2026,exchange_rate_export_weighted,211.391,projected
2027,exchange_rate_export_weighted,210.38,projected
2028,exchange_rate_export_weighted,207.004,projected
2029,exchange_rate_export_weighted,203.444,projected
2030,exchange_rate_export_weighted,200.042,projected
2031,exchange_rate_export_weighted,197.608,projected
2032,exchange_rate_export_weighted,196.047,projected
2033,exchange_rate_export_weighted,194.668,projected
2034,exchange_rate_export_weighted,193.028,projected
2035,exchange_rate_export_weighted,191.935,projected
2036,exchange_rate_export_weighted,190.994,projected
2023,exports,3073.4,actual
2024,exports,3215.4,actual
2025,exports,3289.4,projected
2026,exports,3353.5,projected
2027,exports,3489.5,projected
2028,exports,3627.9,projected
2029,exports,3778.4,projected
2030,exports,3937.4,projected
2031,exports,4102.9,projected
2032,exports,4267.1,projected
2033,exports,4428.6,projected
2034,exports,4592.7,projected
2035,exports,4753.1,projected
2036,exports,4914.5,projected
2023,exports_pct_change,1.216,actual
2024,exports_pct_change,4.621,actual
2025,exports_pct_change,2.302,projected
2026,exports_pct_change,1.949,projected
2027,exports_pct_change,4.054,projected
2028,exports_pct_change,3.965,projected
2029,exports_pct_change,4.147,projected
2030,exports_pct_change,4.209,projected
2031,exports_pct_change,4.203,projected
2032,exports_pct_change,4.001,projected
2033,exports_pct_change,3.785,projected
2034,exports_pct_change,3.705,projected
2035,exports_pct_change,3.491,projected
2036,exports_pct_change,3.396,projected
2023,fed_funds_rate,5.024,actual
2024,fed_funds_rate,5.143,actual
2025,fed_funds_rate,4.205,projected
2026,fed_funds_rate,3.452,projected
2027,fed_funds_rate,3.389,projected
2028,fed_funds_rate,3.39,projected
2029,fed_funds_rate,3.389,projected
2030,fed_funds_rate,3.388,projected
2031,fed_funds_rate,3.383,projected
2032,fed_funds_rate,3.362,projected
2033,fed_funds_rate,3.347,projected
2034,fed_funds_rate,3.339,projected
2035,fed_funds_rate,3.334,projected
2036,fed_funds_rate,3.332,projected
2023,federal_government_c_gi,1765.7,actual
2024,federal_government_c_gi,1892.4,actual
2025,federal_government_c_gi,1960.1,projected
2026,federal_government_c_gi,2062.4,projected
2027,federal_government_c_gi,2105.3,projected
2028,federal_government_c_gi,2134.9,projected
2029,federal_government_c_gi,2172.1,projected
2030,federal_government_c_gi,2199.8,projected
2031,federal_government_c_gi,2228.6,projected
2032,federal_government_c_gi,2264.1,projected
2033,federal_government_c_gi,2306.6,projected
2034,federal_government_c_gi,2349.0,projected
2035,federal_government_c_gi,2398.1,projected
2036,federal_government_c_gi,2452.3,projected
2023,federal_government_c_gi_pct_change,7.631,actual
2024,federal_government_c_gi_pct_change,7.175,actual
2025,federal_government_c_gi_pct_change,3.578,projected
2026,federal_government_c_gi_pct_change,5.22,projected
2027,federal_government_c_gi_pct_change,2.078,projected
2028,federal_government_c_gi_pct_change,1.406,projected
2029,federal_government_c_gi_pct_change,1.743,projected
2030,federal_government_c_gi_pct_change,1.274,projected
2031,federal_government_c_gi_pct_change,1.306,projected
2032,federal_government_c_gi_pct_change,1.595,projected
2033,federal_government_c_gi_pct_change,1.875,projected
2034,federal_government_c_gi_pct_change,1.836,projected
2035,federal_government_c_gi_pct_change,2.092,projected
2036,federal_government_c_gi_pct_change,2.26,projected
2023,gdi,27485.7,actual
2024,gdi,29001.7,actual
2025,gdi,30582.5,projected
2026,gdi,32234.2,projected
2027,gdi,33642.5,projected
2028,gdi,35002.9,projected
2029,gdi,36355.1,projected
2030,gdi,37748.1,projected
2031,gdi,39180.9,projected
2032,gdi,40656.9,projected
2033,gdi,42192.2,projected
2034,gdi,43783.6,projected
2035,gdi,45438.2,projected
2036,gdi,47154.2,projected
2023,gdi_pct_change,5.49,actual
2024,gdi_pct_change,5.515,actual
2025,gdi_pct_change,5.45,projected
2026,gdi_pct_change,5.4,projected
2027,gdi_pct_change,4.369,projected
2028,gdi_pct_change,4.043,projected
2029,gdi_pct_change,3.863,projected
2030,gdi_pct_change,3.831,projected
2031,gdi_pct_change,3.795,projected
2032,gdi_pct_change,3.767,projected
2033,gdi_pct_change,3.776,projected
2034,gdi_pct_change,3.771,projected
2035,gdi_pct_change,3.778,projected
2036,gdi_pct_change,3.776,projected
2023,gdp,27811.5,actual
2024,gdp,29298.0,actual
2025,gdp,30705.2,projected
2026,gdp,32274.2,projected
2027,gdp,33651.5,projected
2028,gdp,35001.9,projected
2029,gdp,36350.7,projected
2030,gdp,37742.5,projected
2031,gdp,39174.8,projected
2032,gdp,40650.4,projected
2033,gdp,42185.4,projected
2034,gdp,43776.6,projected
2035,gdp,45430.9,projected
2036,gdp,47146.7,projected
2023,gdp_pct_change,6.743,actual
2024,gdp_pct_change,5.345,actual
2025,gdp_pct_change,4.802,projected
2026,gdp_pct_change,5.109,projected
2027,gdp_pct_change,4.267,projected
2028,gdp_pct_change,4.012,projected
2029,gdp_pct_change,3.853,projected
2030,gdp_pct_change,3.828,projected
2031,gdp_pct_change,3.794,projected
2032,gdp_pct_change,3.766,projected
2033,gdp_pct_change,3.776,projected
2034,gdp_pct_change,3.771,projected
2035,gdp_pct_change,3.778,projected
2036,gdp_pct_change,3.776,projected
2023,gdp_price_index,122.389,actual
2024,gdp_price_index,125.43,actual
2025,gdp_price_index,128.85,projected
2026,gdp_price_index,132.299,projected
2027,gdp_price_index,135.426,projected
2028,gdp_price_index,138.363,projected
2029,gdp_price_index,141.217,projected
2030,gdp_price_index,144.054,projected
2031,gdp_price_index,146.912,projected
2032,gdp_price_index,149.809,projected
2033,gdp_price_index,152.766,projected
2034,gdp_price_index,155.772,projected
2035,gdp_price_index,158.842,projected
2036,gdp_price_index,161.981,projected
2023,gdp_price_index_pct_change,3.688,actual
2024,gdp_price_index_pct_change,2.485,actual
2025,gdp_price_index_pct_change,2.726,projected
2026,gdp_price_index_pct_change,2.676,projected
2027,gdp_price_index_pct_change,2.363,projected
2028,gdp_price_index_pct_change,2.168,projected
2029,gdp_price_index_pct_change,2.062,projected
2030,gdp_price_index_pct_change,2.009,projected
2031,gdp_price_index_pct_change,1.983,projected
2032,gdp_price_index_pct_change,1.972,projected
2033,gdp_price_index_pct_change,1.973,projected
2034,gdp_price_index_pct_change,1.967,projected
2035,gdp_price_index_pct_change,1.971,projected
2036,gdp_price_index_pct_change,1.975,projected
2023,gnp,27897.2,actual
2024,gnp,29289.8,actual
2025,gnp,30743.1,projected
2026,gnp,32363.7,projected
2027,gnp,33701.7,projected
2028,gnp,35012.5,projected
2029,gnp,36328.7,projected
2030,gnp,37692.3,projected
2031,gnp,39100.6,projected
2032,gnp,40556.9,projected
2033,gnp,42079.0,projected
2034,gnp,43661.2,projected
2035,gnp,45307.0,projected
2036,gnp,47012.1,projected
2023,gnp_pct_change,6.45,actual
2024,gnp_pct_change,4.991,actual
2025,gnp_pct_change,4.962,projected
2026,gnp_pct_change,5.271,projected
2027,gnp_pct_change,4.134,projected
2028,gnp_pct_change,3.889,projected
2029,gnp_pct_change,3.759,projected
2030,gnp_pct_change,3.753,projected
2031,gnp_pct_change,3.736,projected
2032,gnp_pct_change,3.724,projected
2033,gnp_pct_change,3.753,projected
2034,gnp_pct_change,3.76,projected
2035,gnp_pct_change,3.769,projected
2036,gnp_pct_change,3.763,projected
2023,government_c_gi,4741.2,actual
2024,government_c_gi,5041.1,actual
2025,government_c_gi,5259.2,projected
2026,government_c_gi,5495.4,projected
2027,government_c_gi,5664.2,projected
2028,government_c_gi,5816.3,projected
2029,government_c_gi,5977.7,projected
2030,government_c_gi,6129.4,projected
2031,government_c_gi,6287.5,projected
2032,government_c_gi,6457.6,projected
2033,government_c_gi,6636.7,projected
2034,government_c_gi,6818.0,projected
2035,government_c_gi,7006.5,projected
2036,government_c_gi,7204.5,projected
2023,government_c_gi_pct_change,6.347,actual
2024,government_c_gi_pct_change,6.327,actual
2025,government_c_gi_pct_change,4.324,projected
2026,government_c_gi_pct_change,4.49,projected
2027,government_c_gi_pct_change,3.072,projected
2028,government_c_gi_pct_change,2.686,projected
2029,government_c_gi_pct_change,2.773,projected
2030,government_c_gi_pct_change,2.538,projected
2031,government_c_gi_pct_change,2.579,projected
2032,government_c_gi_pct_change,2.705,projected
2033,government_c_gi_pct_change,2.773,projected
2034,government_c_gi_pct_change,2.731,projected
2035,government_c_gi_pct_change,2.765,projected
2036,government_c_gi_pct_change,2.825,projected
2023,gross_pri_dom_invest,5023.7,actual
2024,gross_pri_dom_invest,5259.3,actual
2025,gross_pri_dom_invest,5486.5,projected
2026,gross_pri_dom_invest,5785.4,projected
2027,gross_pri_dom_invest,6087.0,projected
2028,gross_pri_dom_invest,6355.5,projected
2029,gross_pri_dom_invest,6582.9,projected
2030,gross_pri_dom_invest,6804.8,projected
2031,gross_pri_dom_invest,7034.4,projected
2032,gross_pri_dom_invest,7270.8,projected
2033,gross_pri_dom_invest,7516.1,projected
2034,gross_pri_dom_invest,7780.0,projected
2035,gross_pri_dom_invest,8075.6,projected
2036,gross_pri_dom_invest,8389.3,projected
2023,gross_pri_dom_invest_pct_change,3.702,actual
2024,gross_pri_dom_invest_pct_change,4.689,actual
2025,gross_pri_dom_invest_pct_change,4.319,projected
2026,gross_pri_dom_invest_pct_change,5.446,projected
2027,gross_pri_dom_invest_pct_change,5.214,projected
2028,gross_pri_dom_invest_pct_change,4.41,projected
2029,gross_pri_dom_invest_pct_change,3.578,projected
2030,gross_pri_dom_invest_pct_change,3.371,projected
2031,gross_pri_dom_invest_pct_change,3.373,projected
2032,gross_pri_dom_invest_pct_change,3.36,projected
2033,gross_pri_dom_invest_pct_change,3.373,projected
2034,gross_pri_dom_invest_pct_change,3.51,projected
2035,gross_pri_dom_invest_pct_change,3.799,projected
2036,gross_pri_dom_invest_pct_change,3.884,projected
2023,hours_nfb,105.268,actual
2024,hours_nfb,105.483,actual
2025,hours_nfb,106.324,projected
2026,hours_nfb,106.886,projected
2027,hours_nfb,107.063,projected
2028,hours_nfb,107.468,projected
2029,hours_nfb,108.025,projected
2030,hours_nfb,108.618,projected
2031,hours_nfb,109.205,projected
2032,hours_nfb,109.738,projected
2033,hours_nfb,110.241,projected
2034,hours_nfb,110.726,projected
2035,hours_nfb,111.19,projected
2036,hours_nfb,111.627,projected
2023,hours_nfb_pct_change,0.972,actual
2024,hours_nfb_pct_change,0.204,actual
2025,hours_nfb_pct_change,0.797,projected
2026,hours_nfb_pct_change,0.528,projected
2027,hours_nfb_pct_change,0.165,projected
2028,hours_nfb_pct_change,0.378,projected
2029,hours_nfb_pct_change,0.519,projected
2030,hours_nfb_pct_change,0.548,projected
2031,hours_nfb_pct_change,0.541,projected
2032,hours_nfb_pct_change,0.487,projected
2033,hours_nfb_pct_change,0.458,projected
2034,hours_nfb_pct_change,0.439,projected
2035,hours_nfb_pct_change,0.418,projected
2036,hours_nfb_pct_change,0.393,projected
2023,house_price_index_fhfa,396.762,actual
2024,house_price_index_fhfa,418.13,actual
2025,house_price_index_fhfa,429.576,projected
2026,house_price_index_fhfa,438.037,projected
2027,house_price_index_fhfa,450.982,projected
2028,house_price_index_fhfa,466.455,projected
2029,house_price_index_fhfa,483.172,projected
2030,house_price_index_fhfa,500.726,projected
2031,house_price_index_fhfa,518.996,projected
2032,house_price_index_fhfa,537.981,projected
2033,house_price_index_fhfa,557.669,projected
2034,house_price_index_fhfa,578.05,projected
2035,house_price_index_fhfa,599.173,projected
2036,house_price_index_fhfa,621.086,projected
2023,households,130.263,actual
2024,households,131.615,actual
2025,households,132.748,projected
2026,households,133.982,projected
2027,households,135.19,projected
2028,households,136.381,projected
2029,households,137.522,projected
2030,households,138.595,projected
2031,households,139.548,projected
2032,households,140.38,projected
2033,households,141.131,projected
2034,households,141.85,projected
2035,households,142.536,projected
2036,households,143.195,projected
2023,imports,3859.9,actual
2024,imports,4113.8,actual
2025,imports,4262.9,projected
2026,imports,4276.2,projected
2027,imports,4406.2,projected
2028,imports,4490.9,projected
2029,imports,4588.6,projected
2030,imports,4722.0,projected
2031,imports,4856.1,projected
2032,imports,4973.8,projected
2033,imports,5113.8,projected
2034,imports,5272.4,projected
2035,imports,5455.8,projected
2036,imports,5667.7,projected
2023,imports_pct_change,-2.88,actual
2024,imports_pct_change,6.579,actual
2025,imports_pct_change,3.624,projected
2026,imports_pct_change,0.31,projected
2027,imports_pct_change,3.039,projected
2028,imports_pct_change,1.923,projected
2029,imports_pct_change,2.176,projected
2030,imports_pct_change,2.905,projected
2031,imports_pct_change,2.84,projected
2032,imports_pct_change,2.425,projected
2033,imports_pct_change,2.814,projected
2034,imports_pct_change,3.101,projected
2035,imports_pct_change,3.478,projected
2036,imports_pct_change,3.883,projected
2023,interest_inc_pers,1829.8,actual
2024,interest_inc_pers,1926.7,actual
2025,interest_inc_pers,2034.8,projected
2026,interest_inc_pers,2262.9,projected
2027,interest_inc_pers,2439.8,projected
2028,interest_inc_pers,2669.5,projected
2029,interest_inc_pers,2891.1,projected
2030,interest_inc_pers,3068.8,projected
2031,interest_inc_pers,3247.6,projected
2032,interest_inc_pers,3427.5,projected
2033,interest_inc_pers,3591.9,projected
2034,interest_inc_pers,3773.3,projected
2035,interest_inc_pers,3935.9,projected
2036,interest_inc_pers,4095.6,projected
2023,interest_inc_pers_share_of_gdp,6.6,actual
2024,interest_inc_pers_share_of_gdp,6.6,actual
2025,interest_inc_pers_share_of_gdp,6.6,projected
2026,interest_inc_pers_share_of_gdp,7.0,projected
2027,interest_inc_pers_share_of_gdp,7.3,projected
2028,interest_inc_pers_share_of_gdp,7.6,projected
2029,interest_inc_pers_share_of_gdp,8.0,projected
2030,interest_inc_pers_share_of_gdp,8.1,projected
2031,interest_inc_pers_share_of_gdp,8.3,projected
2032,interest_inc_pers_share_of_gdp,8.4,projected
2033,interest_inc_pers_share_of_gdp,8.5,projected
2034,interest_inc_pers_share_of_gdp,8.6,projected
2035,interest_inc_pers_share_of_gdp,8.7,projected
2036,interest_inc_pers_share_of_gdp,8.7,projected
2023,labor_force,167.118,actual
2024,labor_force,168.11,actual
2025,labor_force,170.88,projected
2026,labor_force,172.284,projected
2027,labor_force,173.295,projected
2028,labor_force,174.139,projected
2029,labor_force,175.009,projected
2030,labor_force,175.899,projected
2031,labor_force,176.734,projected
2032,labor_force,177.512,projected
2033,labor_force,178.218,projected
2034,labor_force,178.859,projected
2035,labor_force,179.467,projected
2036,labor_force,180.047,projected
2023,labor_force_census,168.598,actual
2024,labor_force_census,171.333,actual
2025,labor_force_census,172.14,projected
2026,labor_force_census,172.999,projected
2027,labor_force_census,173.692,projected
2028,labor_force_census,174.406,projected
2029,labor_force_census,175.157,projected
2030,labor_force_census,175.959,projected
2031,labor_force_census,176.77,projected
2032,labor_force_census,177.536,projected
2033,labor_force_census,178.234,projected
2034,labor_force_census,178.87,projected
2035,labor_force_census,179.474,projected
2036,labor_force_census,180.051,projected
2023,labor_force_census_pct_change,1.969,actual
2024,labor_force_census_pct_change,1.622,actual
2025,labor_force_census_pct_change,0.471,projected
2026,labor_force_census_pct_change,0.498,projected
2027,labor_force_census_pct_change,0.4,projected
2028,labor_force_census_pct_change,0.411,projected
2029,labor_force_census_pct_change,0.43,projected
2030,labor_force_census_pct_change,0.457,projected
2031,labor_force_census_pct_change,0.461,projected
2032,labor_force_census_pct_change,0.432,projected
2033,labor_force_census_pct_change,0.393,projected
2034,labor_force_census_pct_change,0.356,projected
2035,labor_force_census_pct_change,0.337,projected
2036,labor_force_census_pct_change,0.321,projected
2023,labor_force_pct_change,1.722,actual
2024,labor_force_pct_change,0.593,actual
2025,labor_force_pct_change,1.647,projected
2026,labor_force_pct_change,0.821,projected
2027,labor_force_pct_change,0.586,projected
2028,labor_force_pct_change,0.486,projected
2029,labor_force_pct_change,0.499,projected
2030,labor_force_pct_change,0.508,projected
2031,labor_force_pct_change,0.474,projected
2032,labor_force_pct_change,0.439,projected
2033,labor_force_pct_change,0.397,projected
2034,labor_force_pct_change,0.359,projected
2035,labor_force_pct_change,0.339,projected
2036,labor_force_pct_change,0.322,projected
2023,lfpr_16yo,62.6,actual
2024,lfpr_16yo,62.59,actual
2025,lfpr_16yo,62.42,projected
2026,lfpr_16yo,62.38,projected
2027,lfpr_16yo,62.31,projected
2028,lfpr_16yo,62.26,projected
2029,lfpr_16yo,62.2,projected
2030,lfpr_16yo,62.14,projected
2031,lfpr_16yo,62.08,projected
2032,lfpr_16yo,62.02,projected
2033,lfpr_16yo,61.97,projected
2034,lfpr_16yo,61.93,projected
2035,lfpr_16yo,61.9,projected
2036,lfpr_16yo,61.88,projected
2023,lfpr_16yo_census,62.77,actual
2024,lfpr_16yo_census,62.91,actual
2025,lfpr_16yo_census,62.55,projected
2026,lfpr_16yo_census,62.45,projected
2027,lfpr_16yo_census,62.38,projected
2028,lfpr_16yo_census,62.3,projected
2029,lfpr_16yo_census,62.23,projected
2030,lfpr_16yo_census,62.16,projected
2031,lfpr_16yo_census,62.09,projected
2032,lfpr_16yo_census,62.03,projected
2033,lfpr_16yo_census,61.97,projected
2034,lfpr_16yo_census,61.93,projected
2035,lfpr_16yo_census,61.9,projected
2036,lfpr_16yo_census,61.88,projected
2023,nat_gas_price_henry_hub,2.54,actual
2024,nat_gas_price_henry_hub,2.19,actual
2025,nat_gas_price_henry_hub,3.51,projected
2026,nat_gas_price_henry_hub,4.13,projected
2027,nat_gas_price_henry_hub,4.02,projected
2028,nat_gas_price_henry_hub,3.81,projected
2029,nat_gas_price_henry_hub,3.73,projected
2030,nat_gas_price_henry_hub,3.69,projected
2031,nat_gas_price_henry_hub,3.59,projected
2032,nat_gas_price_henry_hub,3.46,projected
2033,nat_gas_price_henry_hub,3.37,projected
2034,nat_gas_price_henry_hub,3.44,projected
2035,nat_gas_price_henry_hub,3.5,projected
2036,nat_gas_price_henry_hub,3.59,projected
2023,net_exports,-786.5,actual
2024,net_exports,-898.5,actual
2025,net_exports,-973.5,projected
2026,net_exports,-922.7,projected
2027,net_exports,-916.6,projected
2028,net_exports,-863.0,projected
2029,net_exports,-810.3,projected
2030,net_exports,-784.5,projected
2031,net_exports,-753.1,projected
2032,net_exports,-706.7,projected
2033,net_exports,-685.2,projected
2034,net_exports,-679.7,projected
2035,net_exports,-702.7,projected
2036,net_exports,-753.1,projected
2023,nfb_capital_share,0.329,actual
2024,nfb_capital_share,0.329,actual
2025,nfb_capital_share,0.329,projected
2026,nfb_capital_share,0.329,projected
2027,nfb_capital_share,0.329,projected
2028,nfb_capital_share,0.329,projected
2029,nfb_capital_share,0.329,projected
2030,nfb_capital_share,0.329,projected
2031,nfb_capital_share,0.329,projected
2032,nfb_capital_share,0.329,projected
2033,nfb_capital_share,0.329,projected
2034,nfb_capital_share,0.329,projected
2035,nfb_capital_share,0.329,projected
2036,nfb_capital_share,0.329,projected
2023,nfb_index_capital_services,117.297,actual
2024,nfb_index_capital_services,120.472,actual
2025,nfb_index_capital_services,123.952,projected
2026,nfb_index_capital_services,127.586,projected
2027,nfb_index_capital_services,131.157,projected
2028,nfb_index_capital_services,134.596,projected
2029,nfb_index_capital_services,137.876,projected
2030,nfb_index_capital_services,141.038,projected
2031,nfb_index_capital_services,144.15,projected
2032,nfb_index_capital_services,147.301,projected
2033,nfb_index_capital_services,150.529,projected
2034,nfb_index_capital_services,153.824,projected
2035,nfb_index_capital_services,157.214,projected
2036,nfb_index_capital_services,160.732,projected
2023,nfb_index_capital_services_pct_change,2.772,actual
2024,nfb_index_capital_services_pct_change,2.706,actual
2025,nfb_index_capital_services_pct_change,2.888,projected
2026,nfb_index_capital_services_pct_change,2.931,projected
2027,nfb_index_capital_services_pct_change,2.798,projected
2028,nfb_index_capital_services_pct_change,2.622,projected
2029,nfb_index_capital_services_pct_change,2.436,projected
2030,nfb_index_capital_services_pct_change,2.293,projected
2031,nfb_index_capital_services_pct_change,2.206,projected
2032,nfb_index_capital_services_pct_change,2.186,projected
2033,nfb_index_capital_services_pct_change,2.191,projected
2034,nfb_index_capital_services_pct_change,2.188,projected
2035,nfb_index_capital_services_pct_change,2.203,projected
2036,nfb_index_capital_services_pct_change,2.238,projected
2023,nfb_potential_hrs_worked,104.514,actual
2024,nfb_potential_hrs_worked,105.904,actual
2025,nfb_potential_hrs_worked,106.937,projected
2026,nfb_potential_hrs_worked,107.626,projected
2027,nfb_potential_hrs_worked,108.234,projected
2028,nfb_potential_hrs_worked,108.855,projected
2029,nfb_potential_hrs_worked,109.447,projected
2030,nfb_potential_hrs_worked,110.048,projected
2031,nfb_potential_hrs_worked,110.639,projected
2032,nfb_potential_hrs_worked,111.175,projected
2033,nfb_potential_hrs_worked,111.684,projected
2034,nfb_potential_hrs_worked,112.178,projected
2035,nfb_potential_hrs_worked,112.653,projected
2036,nfb_potential_hrs_worked,113.103,projected
2023,nfb_potential_hrs_worked_pct_change,1.25,actual
2024,nfb_potential_hrs_worked_pct_change,1.329,actual
2025,nfb_potential_hrs_worked_pct_change,0.976,projected
2026,nfb_potential_hrs_worked_pct_change,0.644,projected
2027,nfb_potential_hrs_worked_pct_change,0.565,projected
2028,nfb_potential_hrs_worked_pct_change,0.573,projected
2029,nfb_potential_hrs_worked_pct_change,0.543,projected
2030,nfb_potential_hrs_worked_pct_change,0.549,projected
2031,nfb_potential_hrs_worked_pct_change,0.537,projected
2032,nfb_potential_hrs_worked_pct_change,0.484,projected
2033,nfb_potential_hrs_worked_pct_change,0.457,projected
2034,nfb_potential_hrs_worked_pct_change,0.442,projected
2035,nfb_potential_hrs_worked_pct_change,0.423,projected
2036,nfb_potential_hrs_worked_pct_change,0.399,projected
2023,nfb_potential_lab_prod,78.468,actual
2024,nfb_potential_lab_prod,79.718,actual
2025,nfb_potential_lab_prod,81.086,projected
2026,nfb_potential_lab_prod,82.595,projected
2027,nfb_potential_lab_prod,84.159,projected
2028,nfb_potential_lab_prod,85.686,projected
2029,nfb_potential_lab_prod,87.211,projected
2030,nfb_potential_lab_prod,88.749,projected
2031,nfb_potential_lab_prod,90.29,projected
2032,nfb_potential_lab_prod,91.85,projected
2033,nfb_potential_lab_prod,93.427,projected
2034,nfb_potential_lab_prod,95.022,projected
2035,nfb_potential_lab_prod,96.639,projected
2036,nfb_potential_lab_prod,98.294,projected
2023,nfb_potential_lab_prod_pct_change,1.638,actual
2024,nfb_potential_lab_prod_pct_change,1.593,actual
2025,nfb_potential_lab_prod_pct_change,1.715,projected
2026,nfb_potential_lab_prod_pct_change,1.861,projected
2027,nfb_potential_lab_prod_pct_change,1.892,projected
2028,nfb_potential_lab_prod_pct_change,1.815,projected
2029,nfb_potential_lab_prod_pct_change,1.778,projected
2030,nfb_potential_lab_prod_pct_change,1.763,projected
2031,nfb_potential_lab_prod_pct_change,1.736,projected
2032,nfb_potential_lab_prod_pct_change,1.728,projected
2033,nfb_potential_lab_prod_pct_change,1.716,projected
2034,nfb_potential_lab_prod_pct_change,1.707,projected
2035,nfb_potential_lab_prod_pct_change,1.701,projected
2036,nfb_potential_lab_prod_pct_change,1.712,projected
2023,nfb_potential_tfp,107.738,actual
2024,nfb_potential_tfp,108.97,actual
2025,nfb_potential_tfp,110.179,projected
2026,nfb_potential_tfp,111.395,projected
2027,nfb_potential_tfp,112.672,projected
2028,nfb_potential_tfp,113.942,projected
2029,nfb_potential_tfp,115.243,projected
2030,nfb_potential_tfp,116.603,projected
2031,nfb_potential_tfp,117.98,projected
2032,nfb_potential_tfp,119.359,projected
2033,nfb_potential_tfp,120.725,projected
2034,nfb_potential_tfp,122.093,projected
2035,nfb_potential_tfp,123.457,projected
2036,nfb_potential_tfp,124.827,projected
2023,nfb_potential_tfp_pct_change,1.134,actual
2024,nfb_potential_tfp_pct_change,1.143,actual
2025,nfb_potential_tfp_pct_change,1.109,projected
2026,nfb_potential_tfp_pct_change,1.103,projected
2027,nfb_potential_tfp_pct_change,1.146,projected
2028,nfb_potential_tfp_pct_change,1.127,projected
2029,nfb_potential_tfp_pct_change,1.141,projected
2030,nfb_potential_tfp_pct_change,1.18,projected
2031,nfb_potential_tfp_pct_change,1.181,projected
2032,nfb_potential_tfp_pct_change,1.168,projected
2033,nfb_potential_tfp_pct_change,1.145,projected
2034,nfb_potential_tfp_pct_change,1.132,projected
2035,nfb_potential_tfp_pct_change,1.117,projected
2036,nfb_potential_tfp_pct_change,1.11,projected
2023,nfb_real_potential_gdp,17227.2,actual
2024,nfb_real_potential_gdp,17734.3,actual
2025,nfb_real_potential_gdp,18214.5,projected
2026,nfb_real_potential_gdp,18673.0,projected
2027,nfb_real_potential_gdp,19133.9,projected
2028,nfb_real_potential_gdp,19593.0,projected
2029,nfb_real_potential_gdp,20049.9,projected
2030,nfb_real_potential_gdp,20515.6,projected
2031,nfb_real_potential_gdp,20983.9,projected
2032,nfb_real_potential_gdp,21450.1,projected
2033,nfb_real_potential_gdp,21918.1,projected
2034,nfb_real_potential_gdp,22391.0,projected
2035,nfb_real_potential_gdp,22868.4,projected
2036,nfb_real_potential_gdp,23353.0,projected
2023,nfb_real_potential_gdp_pct_change,2.909,actual
2024,nfb_real_potential_gdp_pct_change,2.943,actual
2025,nfb_real_potential_gdp_pct_change,2.707,projected
2026,nfb_real_potential_gdp_pct_change,2.517,projected
2027,nfb_real_potential_gdp_pct_change,2.468,projected
2028,nfb_real_potential_gdp_pct_change,2.398,projected
2029,nfb_real_potential_gdp_pct_change,2.332,projected
2030,nfb_real_potential_gdp_pct_change,2.322,projected
2031,nfb_real_potential_gdp_pct_change,2.282,projected
2032,nfb_real_potential_gdp_pct_change,2.221,projected
2033,nfb_real_potential_gdp_pct_change,2.182,projected
2034,nfb_real_potential_gdp_pct_change,2.157,projected
2035,nfb_real_potential_gdp_pct_change,2.132,projected
2036,nfb_real_potential_gdp_pct_change,2.119,projected
2023,noncyclical_rate_of_unemployment,4.432,actual
2024,noncyclical_rate_of_unemployment,4.419,actual
2025,noncyclical_rate_of_unemployment,4.405,projected
2026,noncyclical_rate_of_unemployment,4.393,projected
2027,noncyclical_rate_of_unemployment,4.376,projected
2028,noncyclical_rate_of_unemployment,4.354,projected
2029,noncyclical_rate_of_unemployment,4.328,projected
2030,noncyclical_rate_of_unemployment,4.301,projected
2031,noncyclical_rate_of_unemployment,4.276,projected
2032,noncyclical_rate_of_unemployment,4.255,projected
2033,noncyclical_rate_of_unemployment,4.235,projected
2034,noncyclical_rate_of_unemployment,4.214,projected
2035,noncyclical_rate_of_unemployment,4.192,projected
2036,noncyclical_rate_of_unemployment,4.171,projected
2023,nonres_fixed_invest,3856.0,actual
2024,nonres_fixed_invest,4022.9,actual
2025,nonres_fixed_invest,4234.8,projected
2026,nonres_fixed_invest,4475.9,projected
2027,nonres_fixed_invest,4702.6,projected
2028,nonres_fixed_invest,4895.4,projected
2029,nonres_fixed_invest,5055.1,projected
2030,nonres_fixed_invest,5216.2,projected
2031,nonres_fixed_invest,5402.8,projected
2032,nonres_fixed_invest,5615.1,projected
2033,nonres_fixed_invest,5837.4,projected
2034,nonres_fixed_invest,6063.2,projected
2035,nonres_fixed_invest,6301.2,projected
2036,nonres_fixed_invest,6552.1,projected
2023,nonres_fixed_invest_pct_change,10.658,actual
2024,nonres_fixed_invest_pct_change,4.33,actual
2025,nonres_fixed_invest_pct_change,5.265,projected
2026,nonres_fixed_invest_pct_change,5.693,projected
2027,nonres_fixed_invest_pct_change,5.066,projected
2028,nonres_fixed_invest_pct_change,4.099,projected
2029,nonres_fixed_invest_pct_change,3.261,projected
2030,nonres_fixed_invest_pct_change,3.187,projected
2031,nonres_fixed_invest_pct_change,3.577,projected
2032,nonres_fixed_invest_pct_change,3.929,projected
2033,nonres_fixed_invest_pct_change,3.958,projected
2034,nonres_fixed_invest_pct_change,3.868,projected
2035,nonres_fixed_invest_pct_change,3.925,projected
2036,nonres_fixed_invest_pct_change,3.981,projected
2023,nonwage_income,6921.6,actual
2024,nonwage_income,7246.6,actual
2025,nonwage_income,7562.4,projected
2026,nonwage_income,8057.1,projected
2027,nonwage_income,8376.5,projected
2028,nonwage_income,8739.9,projected
2029,nonwage_income,9090.9,projected
2030,nonwage_income,9449.2,projected
2031,nonwage_income,9853.6,projected
2032,nonwage_income,10290.6,projected
2033,nonwage_income,10736.5,projected
2034,nonwage_income,11215.8,projected
2035,nonwage_income,11692.6,projected
2036,nonwage_income,12176.0,projected
2023,nonwage_income_share_of_gdp,24.9,actual
2024,nonwage_income_share_of_gdp,24.7,actual
2025,nonwage_income_share_of_gdp,24.6,projected
2026,nonwage_income_share_of_gdp,25.0,projected
2027,nonwage_income_share_of_gdp,24.9,projected
2028,nonwage_income_share_of_gdp,25.0,projected
2029,nonwage_income_share_of_gdp,25.0,projected
2030,nonwage_income_share_of_gdp,25.0,projected
2031,nonwage_income_share_of_gdp,25.2,projected
2032,nonwage_income_share_of_gdp,25.3,projected
2033,nonwage_income_share_of_gdp,25.5,projected
2034,nonwage_income_share_of_gdp,25.6,projected
2035,nonwage_income_share_of_gdp,25.7,projected
2036,nonwage_income_share_of_gdp,25.8,projected
2023,oil_price_wti_spot,77.64,actual
2024,oil_price_wti_spot,76.55,actual
2025,oil_price_wti_spot,65.63,projected
2026,oil_price_wti_spot,58.93,projected
2027,oil_price_wti_spot,60.44,projected
2028,oil_price_wti_spot,62.86,projected
2029,oil_price_wti_spot,65.27,projected
2030,oil_price_wti_spot,67.36,projected
2031,oil_price_wti_spot,69.18,projected
2032,oil_price_wti_spot,70.97,projected
2033,oil_price_wti_spot,72.8,projected
2034,oil_price_wti_spot,74.66,projected
2035,oil_price_wti_spot,76.32,projected
2036,oil_price_wti_spot,77.83,projected
2023,oil_rac_composite,77.68,actual
2024,oil_rac_composite,76.62,actual
2025,oil_rac_composite,65.82,projected
2026,oil_rac_composite,56.75,projected
2027,oil_rac_composite,57.77,projected
2028,oil_rac_composite,60.18,projected
2029,oil_rac_composite,62.82,projected
2030,oil_rac_composite,65.1,projected
2031,oil_rac_composite,66.97,projected
2032,oil_rac_composite,68.73,projected
2033,oil_rac_composite,70.53,projected
2034,oil_rac_composite,72.36,projected
2035,oil_rac_composite,73.98,projected
2036,oil_rac_composite,75.46,projected
2023,oil_rac_imported,74.51,actual
2024,oil_rac_imported,74.1,actual
2025,oil_rac_imported,64.35,projected
2026,oil_rac_imported,55.57,projected
2027,oil_rac_imported,56.71,projected
2028,oil_rac_imported,59.17,projected
2029,oil_rac_imported,61.82,projected
2030,oil_rac_imported,64.07,projected
2031,oil_rac_imported,65.9,projected
2032,oil_rac_imported,67.63,projected
2033,oil_rac_imported,69.4,projected
2034,oil_rac_imported,71.19,projected
2035,oil_rac_imported,72.78,projected
2036,oil_rac_imported,74.23,projected
2023,output_gap,1.2,actual
2024,output_gap,1.3,actual
2025,output_gap,0.9,projected
2026,output_gap,1.1,projected
2027,output_gap,0.8,projected
2028,output_gap,0.5,projected
2029,output_gap,0.2,projected
2030,output_gap,0.0,projected
2031,output_gap,-0.2,projected
2032,output_gap,-0.4,projected
2033,output_gap,-0.4,projected
2034,output_gap,-0.5,projected
2035,output_gap,-0.5,projected
2036,output_gap,-0.5,projected
2023,output_per_hr_nfb,111.79,actual
2024,output_per_hr_nfb,114.81,actual
2025,output_per_hr_nfb,116.674,projected
2026,output_per_hr_nfb,119.183,projected
2027,output_per_hr_nfb,121.068,projected
2028,output_per_hr_nfb,123.065,projected
2029,output_per_hr_nfb,125.096,projected
2030,output_per_hr_nfb,127.16,projected
2031,output_per_hr_nfb,129.258,projected
2032,output_per_hr_nfb,131.391,projected
2033,output_per_hr_nfb,133.559,projected
2034,output_per_hr_nfb,135.762,projected
2035,output_per_hr_nfb,138.002,projected
2036,output_per_hr_nfb,140.343,projected
2023,output_per_hr_nfb_pct_change,1.9,actual
2024,output_per_hr_nfb_pct_change,2.701,actual
2025,output_per_hr_nfb_pct_change,1.623,projected
2026,output_per_hr_nfb_pct_change,2.15,projected
2027,output_per_hr_nfb_pct_change,1.581,projected
2028,output_per_hr_nfb_pct_change,1.649,projected
2029,output_per_hr_nfb_pct_change,1.65,projected
2030,output_per_hr_nfb_pct_change,1.65,projected
2031,output_per_hr_nfb_pct_change,1.649,projected
2032,output_per_hr_nfb_pct_change,1.649,projected
2033,output_per_hr_nfb_pct_change,1.649,projected
2034,output_per_hr_nfb_pct_change,1.649,projected
2035,output_per_hr_nfb_pct_change,1.649,projected
2036,output_per_hr_nfb_pct_change,1.696,projected
2023,pce,18833.1,actual
2024,pce,19896.0,actual
2025,pce,20933.0,projected
2026,pce,21916.1,projected
2027,pce,22816.9,projected
2028,pce,23693.0,projected
2029,pce,24600.4,projected
2030,pce,25592.8,projected
2031,pce,26606.0,projected
2032,pce,27628.7,projected
2033,pce,28717.8,projected
2034,pce,29858.3,projected
2035,pce,31051.5,projected
2036,pce,32306.1,projected
2023,pce_medical_price_index,113.08,actual
2024,pce_medical_price_index,116.006,actual
2025,pce_medical_price_index,118.729,projected
2026,pce_medical_price_index,121.441,projected
2027,pce_medical_price_index,124.232,projected
2028,pce_medical_price_index,127.013,projected
2029,pce_medical_price_index,129.828,projected
2030,pce_medical_price_index,132.684,projected
2031,pce_medical_price_index,135.587,projected
2032,pce_medical_price_index,138.542,projected
2033,pce_medical_price_index,141.552,projected
2034,pce_medical_price_index,144.62,projected
2035,pce_medical_price_index,147.75,projected
2036,pce_medical_price_index,150.943,projected
2023,pce_medical_price_index_pct_change,2.61,actual
2024,pce_medical_price_index_pct_change,2.588,actual
2025,pce_medical_price_index_pct_change,2.347,projected
2026,pce_medical_price_index_pct_change,2.283,projected
2027,pce_medical_price_index_pct_change,2.298,projected
2028,pce_medical_price_index_pct_change,2.238,projected
2029,pce_medical_price_index_pct_change,2.215,projected
2030,pce_medical_price_index_pct_change,2.199,projected
2031,pce_medical_price_index_pct_change,2.187,projected
2032,pce_medical_price_index_pct_change,2.179,projected
2033,pce_medical_price_index_pct_change,2.172,projected
2034,pce_medical_price_index_pct_change,2.167,projected
2035,pce_medical_price_index_pct_change,2.163,projected
2036,pce_medical_price_index_pct_change,2.161,projected
2023,pce_pct_change,6.461,actual
2024,pce_pct_change,5.643,actual
2025,pce_pct_change,5.212,projected
2026,pce_pct_change,4.696,projected
2027,pce_pct_change,4.11,projected
2028,pce_pct_change,3.839,projected
2029,pce_pct_change,3.829,projected
2030,pce_pct_change,4.033,projected
2031,pce_pct_change,3.958,projected
2032,pce_pct_change,3.843,projected
2033,pce_pct_change,3.941,projected
2034,pce_pct_change,3.971,projected
2035,pce_pct_change,3.996,projected
2036,pce_pct_change,4.04,projected
2023,pce_price_index,120.51,actual
2024,pce_price_index,123.666,actual
2025,pce_price_index,126.906,projected
2026,pce_price_index,130.395,projected
2027,pce_price_index,133.537,projected
2028,pce_price_index,136.462,projected
2029,pce_price_index,139.306,projected
2030,pce_price_index,142.131,projected
2031,pce_price_index,144.968,projected
2032,pce_price_index,147.836,projected
2033,pce_price_index,150.745,projected
2034,pce_price_index,153.703,projected
2035,pce_price_index,156.714,projected
2036,pce_price_index,159.781,projected
2023,pce_price_index_pct_change,3.798,actual
2024,pce_price_index_pct_change,2.618,actual
2025,pce_price_index_pct_change,2.62,projected
2026,pce_price_index_pct_change,2.748,projected
2027,pce_price_index_pct_change,2.409,projected
2028,pce_price_index_pct_change,2.19,projected
2029,pce_price_index_pct_change,2.084,projected
2030,pce_price_index_pct_change,2.027,projected
2031,pce_price_index_pct_change,1.996,projected
2032,pce_price_index_pct_change,1.978,projected
2033,pce_price_index_pct_change,1.968,projected
2034,pce_price_index_pct_change,1.962,projected
2035,pce_price_index_pct_change,1.958,projected
2036,pce_price_index_pct_change,1.956,projected
2023,personal_income,23585.0,actual
2024,personal_income,24905.9,actual
2025,personal_income,26134.8,projected
2026,personal_income,27377.1,projected
2027,personal_income,28576.6,projected
2028,personal_income,29795.3,projected
2029,personal_income,31002.9,projected
2030,personal_income,32262.6,projected
2031,personal_income,33602.1,projected
2032,personal_income,35008.8,projected
2033,personal_income,36454.8,projected
2034,personal_income,37951.5,projected
2035,personal_income,39490.1,projected
2036,personal_income,41076.6,projected
2023,personal_income_share_of_gdp,84.8,actual
2024,personal_income_share_of_gdp,85.0,actual
2025,personal_income_share_of_gdp,85.1,projected
2026,personal_income_share_of_gdp,84.8,projected
2027,personal_income_share_of_gdp,84.9,projected
2028,personal_income_share_of_gdp,85.1,projected
2029,personal_income_share_of_gdp,85.3,projected
2030,personal_income_share_of_gdp,85.5,projected
2031,personal_income_share_of_gdp,85.8,projected
2032,personal_income_share_of_gdp,86.1,projected
2033,personal_income_share_of_gdp,86.4,projected
2034,personal_income_share_of_gdp,86.7,projected
2035,personal_income_share_of_gdp,86.9,projected
2036,personal_income_share_of_gdp,87.1,projected
2023,population_civ_16yo,266.942,actual
2024,population_civ_16yo,268.571,actual
2025,population_civ_16yo,273.737,projected
2026,population_civ_16yo,276.202,projected
2027,population_civ_16yo,278.118,projected
2028,population_civ_16yo,279.702,projected
2029,population_civ_16yo,281.35,projected
2030,population_civ_16yo,283.064,projected
2031,population_civ_16yo,284.683,projected
2032,population_civ_16yo,286.204,projected
2033,population_civ_16yo,287.591,projected
2034,population_civ_16yo,288.825,projected
2035,population_civ_16yo,289.939,projected
2036,population_civ_16yo,290.946,projected
2023,population_civ_16yo_census,268.616,actual
2024,population_civ_16yo_census,272.364,actual
2025,population_civ_16yo_census,275.21,projected
2026,population_civ_16yo_census,277.009,projected
2027,population_civ_16yo_census,278.463,projected
2028,population_civ_16yo_census,279.928,projected
2029,population_civ_16yo_census,281.456,projected
2030,population_civ_16yo_census,283.071,projected
2031,population_civ_16yo_census,284.683,projected
2032,population_civ_16yo_census,286.204,projected
2033,population_civ_16yo_census,287.591,projected
2034,population_civ_16yo_census,288.825,projected
2035,population_civ_16yo_census,289.939,projected
2036,population_civ_16yo_census,290.946,projected
2023,population_civ_16yo_census_pct_change,1.305,actual
2024,population_civ_16yo_census_pct_change,1.395,actual
2025,population_civ_16yo_census_pct_change,1.045,projected
2026,population_civ_16yo_census_pct_change,0.653,projected
2027,population_civ_16yo_census_pct_change,0.524,projected
2028,population_civ_16yo_census_pct_change,0.526,projected
2029,population_civ_16yo_census_pct_change,0.545,projected
2030,population_civ_16yo_census_pct_change,0.574,projected
2031,population_civ_16yo_census_pct_change,0.569,projected
2032,population_civ_16yo_census_pct_change,0.534,projected
2033,population_civ_16yo_census_pct_change,0.484,projected
2034,population_civ_16yo_census_pct_change,0.429,projected
2035,population_civ_16yo_census_pct_change,0.385,projected
2036,population_civ_16yo_census_pct_change,0.347,projected
2023,population_civ_16yo_pct_change,1.124,actual
2024,population_civ_16yo_pct_change,0.61,actual
2025,population_civ_16yo_pct_change,1.923,projected
2026,population_civ_16yo_pct_change,0.9,projected
2027,population_civ_16yo_pct_change,0.693,projected
2028,population_civ_16yo_pct_change,0.569,projected
2029,population_civ_16yo_pct_change,0.589,projected
2030,population_civ_16yo_pct_change,0.608,projected
2031,population_civ_16yo_pct_change,0.572,projected
2032,population_civ_16yo_pct_change,0.534,projected
2033,population_civ_16yo_pct_change,0.484,projected
2034,population_civ_16yo_pct_change,0.429,projected
2035,population_civ_16yo_pct_change,0.385,projected
2036,population_civ_16yo_pct_change,0.347,projected
2023,potential_gdp,27480.0,actual
2024,potential_gdp,28913.0,actual
2025,potential_gdp,30425.6,projected
2026,potential_gdp,31934.2,projected
2027,potential_gdp,33391.4,projected
2028,potential_gdp,34832.4,projected
2029,potential_gdp,36276.1,projected
2030,potential_gdp,37752.6,projected
2031,potential_gdp,39260.9,projected
2032,potential_gdp,40796.9,projected
2033,potential_gdp,42372.5,projected
2034,potential_gdp,43991.0,projected
2035,potential_gdp,45658.4,projected
2036,potential_gdp,47383.5,projected
2023,potential_gdp_pct_change,6.416,actual
2024,potential_gdp_pct_change,5.214,actual
2025,potential_gdp_pct_change,5.231,projected
2026,potential_gdp_pct_change,4.958,projected
2027,potential_gdp_pct_change,4.563,projected
2028,potential_gdp_pct_change,4.315,projected
2029,potential_gdp_pct_change,4.144,projected
2030,potential_gdp_pct_change,4.07,projected
2031,potential_gdp_pct_change,3.995,projected
2032,potential_gdp_pct_change,3.912,projected
2033,potential_gdp_pct_change,3.862,projected
2034,potential_gdp_pct_change,3.819,projected
2035,potential_gdp_pct_change,3.79,projected
2036,potential_gdp_pct_change,3.778,projected
2023,potential_lf,167.952,actual
2024,potential_lf,170.214,actual
2025,potential_lf,171.896,projected
2026,potential_lf,172.854,projected
2027,potential_lf,173.579,projected
2028,potential_lf,174.313,projected
2029,potential_lf,175.05,projected
2030,potential_lf,175.861,projected
2031,potential_lf,176.706,projected
2032,potential_lf,177.496,projected
2033,potential_lf,178.247,projected
2034,potential_lf,178.975,projected
2035,potential_lf,179.676,projected
2036,potential_lf,180.339,projected
2023,potential_lf_pct_change,1.252,actual
2024,potential_lf_pct_change,1.346,actual
2025,potential_lf_pct_change,0.987,projected
2026,potential_lf_pct_change,0.557,projected
2027,potential_lf_pct_change,0.419,projected
2028,potential_lf_pct_change,0.423,projected
2029,potential_lf_pct_change,0.422,projected
2030,potential_lf_pct_change,0.463,projected
2031,potential_lf_pct_change,0.48,projected
2032,potential_lf_pct_change,0.447,projected
2033,potential_lf_pct_change,0.422,projected
2034,potential_lf_pct_change,0.408,projected
2035,potential_lf_pct_change,0.391,projected
2036,potential_lf_pct_change,0.369,projected
2023,potential_lf_prod,133.686,actual
2024,potential_lf_prod,135.424,actual
2025,potential_lf_prod,137.37,projected
2026,potential_lf_prod,139.635,projected
2027,potential_lf_prod,142.041,projected
2028,potential_lf_prod,144.415,projected
2029,potential_lf_prod,146.74,projected
2030,potential_lf_prod,149.015,projected
2031,potential_lf_prod,151.229,projected
2032,potential_lf_prod,153.42,projected
2033,potential_lf_prod,155.603,projected
2034,potential_lf_prod,157.785,projected
2035,potential_lf_prod,159.974,projected
2036,potential_lf_prod,162.203,projected
2023,potential_lf_prod_pct_change,1.354,actual
2024,potential_lf_prod_pct_change,1.3,actual
2025,potential_lf_prod_pct_change,1.436,projected
2026,potential_lf_prod_pct_change,1.648,projected
2027,potential_lf_prod_pct_change,1.723,projected
2028,potential_lf_prod_pct_change,1.671,projected
2029,potential_lf_prod_pct_change,1.61,projected
2030,potential_lf_prod_pct_change,1.55,projected
2031,potential_lf_prod_pct_change,1.485,projected
2032,potential_lf_prod_pct_change,1.448,projected
2033,potential_lf_prod_pct_change,1.423,projected
2034,potential_lf_prod_pct_change,1.401,projected
2035,potential_lf_prod_pct_change,1.387,projected
2036,potential_lf_prod_pct_change,1.393,projected
2023,potential_lfpr,62.52,actual
2024,potential_lfpr,62.51,actual
2025,potential_lfpr,62.47,projected
2026,potential_lfpr,62.4,projected
2027,potential_lfpr,62.33,projected
2028,potential_lfpr,62.27,projected
2029,potential_lfpr,62.19,projected
2030,potential_lfpr,62.13,projected
2031,potential_lfpr,62.07,projected
2032,potential_lfpr,62.02,projected
2033,potential_lfpr,61.98,projected
2034,potential_lfpr,61.97,projected
2035,potential_lfpr,61.97,projected
2036,potential_lfpr,61.98,projected
2023,prop_inc_farm_adj,71.4,actual
2024,prop_inc_farm_adj,57.9,actual
2025,prop_inc_farm_adj,77.7,projected
2026,prop_inc_farm_adj,72.1,projected
2027,prop_inc_farm_adj,69.6,projected
2028,prop_inc_farm_adj,68.0,projected
2029,prop_inc_farm_adj,67.1,projected
2030,prop_inc_farm_adj,66.8,projected
2031,prop_inc_farm_adj,66.9,projected
2032,prop_inc_farm_adj,67.3,projected
2033,prop_inc_farm_adj,67.8,projected
2034,prop_inc_farm_adj,68.4,projected
2035,prop_inc_farm_adj,69.2,projected
2036,prop_inc_farm_adj,70.0,projected
2023,prop_inc_farm_adj_share_of_gdp,0.3,actual
2024,prop_inc_farm_adj_share_of_gdp,0.2,actual
2025,prop_inc_farm_adj_share_of_gdp,0.3,projected
2026,prop_inc_farm_adj_share_of_gdp,0.2,projected
2027,prop_inc_farm_adj_share_of_gdp,0.2,projected
2028,prop_inc_farm_adj_share_of_gdp,0.2,projected
2029,prop_inc_farm_adj_share_of_gdp,0.2,projected
2030,prop_inc_farm_adj_share_of_gdp,0.2,projected
2031,prop_inc_farm_adj_share_of_gdp,0.2,projected
2032,prop_inc_farm_adj_share_of_gdp,0.2,projected
2033,prop_inc_farm_adj_share_of_gdp,0.2,projected
2034,prop_inc_farm_adj_share_of_gdp,0.2,projected
2035,prop_inc_farm_adj_share_of_gdp,0.2,projected
2036,prop_inc_farm_adj_share_of_gdp,0.1,projected
2023,prop_inc_nonfarm_adj,1870.6,actual
2024,prop_inc_nonfarm_adj,1965.2,actual
2025,prop_inc_nonfarm_adj,2045.8,projected
2026,prop_inc_nonfarm_adj,2146.1,projected
2027,prop_inc_nonfarm_adj,2250.2,projected
2028,prop_inc_nonfarm_adj,2356.2,projected
2029,prop_inc_nonfarm_adj,2464.7,projected
2030,prop_inc_nonfarm_adj,2576.7,projected
2031,prop_inc_nonfarm_adj,2691.1,projected
2032,prop_inc_nonfarm_adj,2806.2,projected
2033,prop_inc_nonfarm_adj,2922.7,projected
2034,prop_inc_nonfarm_adj,3042.4,projected
2035,prop_inc_nonfarm_adj,3165.9,projected
2036,prop_inc_nonfarm_adj,3293.0,projected
2023,prop_inc_nonfarm_adj_share_of_gdp,6.7,actual
2024,prop_inc_nonfarm_adj_share_of_gdp,6.7,actual
2025,prop_inc_nonfarm_adj_share_of_gdp,6.7,projected
2026,prop_inc_nonfarm_adj_share_of_gdp,6.6,projected
2027,prop_inc_nonfarm_adj_share_of_gdp,6.7,projected
2028,prop_inc_nonfarm_adj_share_of_gdp,6.7,projected
2029,prop_inc_nonfarm_adj_share_of_gdp,6.8,projected
2030,prop_inc_nonfarm_adj_share_of_gdp,6.8,projected
2031,prop_inc_nonfarm_adj_share_of_gdp,6.9,projected
2032,prop_inc_nonfarm_adj_share_of_gdp,6.9,projected
2033,prop_inc_nonfarm_adj_share_of_gdp,6.9,projected
2034,prop_inc_nonfarm_adj_share_of_gdp,6.9,projected
2035,prop_inc_nonfarm_adj_share_of_gdp,7.0,projected
2036,prop_inc_nonfarm_adj_share_of_gdp,7.0,projected
2023,real_change_pri_invest,47.4,actual
2024,real_change_pri_invest,43.5,actual
2025,real_change_pri_invest,45.7,projected
2026,real_change_pri_invest,50.8,projected
2027,real_change_pri_invest,46.6,projected
2028,real_change_pri_invest,45.6,projected
2029,real_change_pri_invest,47.7,projected
2030,real_change_pri_invest,51.2,projected
2031,real_change_pri_invest,53.9,projected
2032,real_change_pri_invest,56.9,projected
2033,real_change_pri_invest,59.4,projected
2034,real_change_pri_invest,62.0,projected
2035,real_change_pri_invest,64.2,projected
2036,real_change_pri_invest,65.7,projected
2023,real_exports,2541.0,actual
2024,real_exports,2633.6,actual
2025,real_exports,2662.4,projected
2026,real_exports,2695.4,projected
2027,real_exports,2759.1,projected
2028,real_exports,2817.8,projected
2029,real_exports,2882.9,projected
2030,real_exports,2951.2,projected
2031,real_exports,3021.7,projected
2032,real_exports,3090.6,projected
2033,real_exports,3156.4,projected
2034,real_exports,3221.5,projected
2035,real_exports,3283.2,projected
2036,real_exports,3344.0,projected
2023,real_exports_pct_change,2.79,actual
2024,real_exports_pct_change,3.643,actual
2025,real_exports_pct_change,1.094,projected
2026,real_exports_pct_change,1.237,projected
2027,real_exports_pct_change,2.365,projected
2028,real_exports_pct_change,2.127,projected
2029,real_exports_pct_change,2.31,projected
2030,real_exports_pct_change,2.366,projected
2031,real_exports_pct_change,2.39,projected
2032,real_exports_pct_change,2.279,projected
2033,real_exports_pct_change,2.127,projected
2034,real_exports_pct_change,2.062,projected
2035,real_exports_pct_change,1.916,projected
2036,real_exports_pct_change,1.85,projected
2023,real_federal_government_c_gi,1471.4,actual
2024,real_federal_government_c_gi,1527.4,actual
2025,real_federal_government_c_gi,1509.1,projected
2026,real_federal_government_c_gi,1553.0,projected
2027,real_federal_government_c_gi,1552.4,projected
2028,real_federal_government_c_gi,1543.1,projected
2029,real_federal_government_c_gi,1539.1,projected
2030,real_federal_government_c_gi,1528.5,projected
2031,real_federal_government_c_gi,1519.1,projected
2032,real_federal_government_c_gi,1514.9,projected
2033,real_federal_government_c_gi,1512.6,projected
2034,real_federal_government_c_gi,1509.7,projected
2035,real_federal_government_c_gi,1510.6,projected
2036,real_federal_government_c_gi,1513.6,projected
2023,real_federal_government_c_gi_pct_change,3.318,actual
2024,real_federal_government_c_gi_pct_change,3.808,actual
2025,real_federal_government_c_gi_pct_change,-1.201,projected
2026,real_federal_government_c_gi_pct_change,2.908,projected
2027,real_federal_government_c_gi_pct_change,-0.037,projected
2028,real_federal_government_c_gi_pct_change,-0.594,projected
2029,real_federal_government_c_gi_pct_change,-0.264,projected
2030,real_federal_government_c_gi_pct_change,-0.685,projected
2031,real_federal_government_c_gi_pct_change,-0.613,projected
2032,real_federal_government_c_gi_pct_change,-0.281,projected
2033,real_federal_government_c_gi_pct_change,-0.148,projected
2034,real_federal_government_c_gi_pct_change,-0.191,projected
2035,real_federal_government_c_gi_pct_change,0.059,projected
2036,real_federal_government_c_gi_pct_change,0.193,projected
2023,real_gdp,22723.7,actual
2024,real_gdp,23358.4,actual
2025,real_gdp,23830.3,projected
2026,real_gdp,24393.8,projected
2027,real_gdp,24847.7,projected
2028,real_gdp,25296.3,projected
2029,real_gdp,25740.2,projected
2030,real_gdp,26199.4,projected
2031,real_gdp,26664.7,projected
2032,real_gdp,27134.0,projected
2033,real_gdp,27613.7,projected
2034,real_gdp,28102.2,projected
2035,real_gdp,28600.4,projected
2036,real_gdp,29105.5,projected
2023,real_gdp_nfb,17466.9,actual
2024,real_gdp_nfb,17978.5,actual
2025,real_gdp_nfb,18416.1,projected
2026,real_gdp_nfb,18922.9,projected
2027,real_gdp_nfb,19319.7,projected
2028,real_gdp_nfb,19713.3,projected
2029,real_gdp_nfb,20104.8,projected
2030,real_gdp_nfb,20515.7,projected
2031,real_gdp_nfb,20937.1,projected
2032,real_gdp_nfb,21368.5,projected
2033,real_gdp_nfb,21816.1,projected
2034,real_gdp_nfb,22276.5,projected
2035,real_gdp_nfb,22750.7,projected
2036,real_gdp_nfb,23233.0,projected
2023,real_gdp_nfb_pct_change,3.115,actual
2024,real_gdp_nfb_pct_change,2.928,actual
2025,real_gdp_nfb_pct_change,2.434,projected
2026,real_gdp_nfb_pct_change,2.751,projected
2027,real_gdp_nfb_pct_change,2.096,projected
2028,real_gdp_nfb_pct_change,2.037,projected
2029,real_gdp_nfb_pct_change,1.986,projected
2030,real_gdp_nfb_pct_change,2.043,projected
2031,real_gdp_nfb_pct_change,2.054,projected
2032,real_gdp_nfb_pct_change,2.06,projected
2033,real_gdp_nfb_pct_change,2.094,projected
2034,real_gdp_nfb_pct_change,2.11,projected
2035,real_gdp_nfb_pct_change,2.128,projected
2036,real_gdp_nfb_pct_change,2.12,projected
2023,real_gdp_pct_change,2.934,actual
2024,real_gdp_pct_change,2.793,actual
2025,real_gdp_pct_change,2.02,projected
2026,real_gdp_pct_change,2.364,projected
2027,real_gdp_pct_change,1.861,projected
2028,real_gdp_pct_change,1.805,projected
2029,real_gdp_pct_change,1.754,projected
2030,real_gdp_pct_change,1.783,projected
2031,real_gdp_pct_change,1.776,projected
2032,real_gdp_pct_change,1.76,projected
2033,real_gdp_pct_change,1.767,projected
2034,real_gdp_pct_change,1.769,projected
2035,real_gdp_pct_change,1.772,projected
2036,real_gdp_pct_change,1.766,projected
2023,real_gnp,22810.3,actual
2024,real_gnp,23368.7,actual
2025,real_gnp,23876.7,projected
2026,real_gnp,24478.8,projected
2027,real_gnp,24902.5,projected
2028,real_gnp,25321.7,projected
2029,real_gnp,25742.4,projected
2030,real_gnp,26182.4,projected
2031,real_gnp,26632.1,projected
2032,real_gnp,27089.5,projected
2033,real_gnp,27562.0,projected
2034,real_gnp,28046.1,projected
2035,real_gnp,28540.3,projected
2036,real_gnp,29040.3,projected
2023,real_gnp_pct_change,2.654,actual
2024,real_gnp_pct_change,2.447,actual
2025,real_gnp_pct_change,2.173,projected
2026,real_gnp_pct_change,2.522,projected
2027,real_gnp_pct_change,1.73,projected
2028,real_gnp_pct_change,1.683,projected
2029,real_gnp_pct_change,1.661,projected
2030,real_gnp_pct_change,1.709,projected
2031,real_gnp_pct_change,1.717,projected
2032,real_gnp_pct_change,1.717,projected
2033,real_gnp_pct_change,1.744,projected
2034,real_gnp_pct_change,1.756,projected
2035,real_gnp_pct_change,1.762,projected
2036,real_gnp_pct_change,1.751,projected
2023,real_government_c_gi,3800.7,actual
2024,real_government_c_gi,3945.3,actual
2025,real_government_c_gi,3985.6,projected
2026,real_government_c_gi,4049.4,projected
2027,real_government_c_gi,4059.2,projected
2028,real_government_c_gi,4060.1,projected
2029,real_government_c_gi,4067.1,projected
2030,real_government_c_gi,4066.2,projected
2031,real_government_c_gi,4067.5,projected
2032,real_government_c_gi,4074.4,projected
2033,real_government_c_gi,4082.0,projected
2034,real_government_c_gi,4087.5,projected
2035,real_government_c_gi,4093.4,projected
2036,real_government_c_gi,4100.5,projected
2023,real_government_c_gi_pct_change,3.484,actual
2024,real_government_c_gi_pct_change,3.805,actual
2025,real_government_c_gi_pct_change,1.021,projected
2026,real_government_c_gi_pct_change,1.599,projected
2027,real_government_c_gi_pct_change,0.242,projected
2028,real_government_c_gi_pct_change,0.023,projected
2029,real_government_c_gi_pct_change,0.17,projected
2030,real_government_c_gi_pct_change,-0.021,projected
2031,real_government_c_gi_pct_change,0.032,projected
2032,real_government_c_gi_pct_change,0.169,projected
2033,real_government_c_gi_pct_change,0.186,projected
2034,real_government_c_gi_pct_change,0.134,projected
2035,real_government_c_gi_pct_change,0.144,projected
2036,real_government_c_gi_pct_change,0.172,projected
2023,real_gross_pri_dom_invest,4219.5,actual
2024,real_gross_pri_dom_invest,4346.5,actual
2025,real_gross_pri_dom_invest,4455.9,projected
2026,real_gross_pri_dom_invest,4588.3,projected
2027,real_gross_pri_dom_invest,4751.7,projected
2028,real_gross_pri_dom_invest,4890.4,projected
2029,real_gross_pri_dom_invest,4996.1,projected
2030,real_gross_pri_dom_invest,5095.3,projected
2031,real_gross_pri_dom_invest,5196.7,projected
2032,real_gross_pri_dom_invest,5300.9,projected
2033,real_gross_pri_dom_invest,5409.1,projected
2034,real_gross_pri_dom_invest,5527.4,projected
2035,real_gross_pri_dom_invest,5663.6,projected
2036,real_gross_pri_dom_invest,5808.1,projected
2023,real_gross_pri_dom_invest_pct_change,0.826,actual
2024,real_gross_pri_dom_invest_pct_change,3.009,actual
2025,real_gross_pri_dom_invest_pct_change,2.517,projected
2026,real_gross_pri_dom_invest_pct_change,2.97,projected
2027,real_gross_pri_dom_invest_pct_change,3.56,projected
2028,real_gross_pri_dom_invest_pct_change,2.919,projected
2029,real_gross_pri_dom_invest_pct_change,2.161,projected
2030,real_gross_pri_dom_invest_pct_change,1.985,projected
2031,real_gross_pri_dom_invest_pct_change,1.99,projected
2032,real_gross_pri_dom_invest_pct_change,2.003,projected
2033,real_gross_pri_dom_invest_pct_change,2.041,projected
2034,real_gross_pri_dom_invest_pct_change,2.187,projected
2035,real_gross_pri_dom_invest_pct_change,2.464,projected
2036,real_gross_pri_dom_invest_pct_change,2.551,projected
2023,real_imports,3466.2,actual
2024,real_imports,3666.2,actual
2025,real_imports,3779.9,projected
2026,real_imports,3744.2,projected
2027,real_imports,3798.2,projected
2028,real_imports,3809.8,projected
2029,real_imports,3828.3,projected
2030,real_imports,3873.1,projected
2031,real_imports,3917.0,projected
2032,real_imports,3951.0,projected
2033,real_imports,4004.2,projected
2034,real_imports,4070.0,projected
2035,real_imports,4154.7,projected
2036,real_imports,4259.7,projected
2023,real_imports_pct_change,-0.864,actual
2024,real_imports_pct_change,5.768,actual
2025,real_imports_pct_change,3.102,projected
2026,real_imports_pct_change,-0.945,projected
2027,real_imports_pct_change,1.442,projected
2028,real_imports_pct_change,0.306,projected
2029,real_imports_pct_change,0.484,projected
2030,real_imports_pct_change,1.17,projected
2031,real_imports_pct_change,1.134,projected
2032,real_imports_pct_change,0.867,projected
2033,real_imports_pct_change,1.347,projected
2034,real_imports_pct_change,1.641,projected
2035,real_imports_pct_change,2.082,projected
2036,real_imports_pct_change,2.526,projected
2023,real_net_exports,-925.2,actual
2024,real_net_exports,-1032.6,actual
2025,real_net_exports,-1117.5,projected
2026,real_net_exports,-1048.8,projected
2027,real_net_exports,-1039.1,projected
2028,real_net_exports,-992.0,projected
2029,real_net_exports,-945.3,projected
2030,real_net_exports,-921.9,projected
2031,real_net_exports,-895.3,projected
2032,real_net_exports,-860.4,projected
2033,real_net_exports,-847.9,projected
2034,real_net_exports,-848.5,projected
2035,real_net_exports,-871.5,projected
2036,real_net_exports,-915.7,projected
2023,real_nonres_fixed_invest,3418.6,actual
2024,real_nonres_fixed_invest,3518.9,actual
2025,real_nonres_fixed_invest,3662.8,projected
2026,real_nonres_fixed_invest,3794.4,projected
2027,real_nonres_fixed_invest,3935.4,projected
2028,real_nonres_fixed_invest,4052.3,projected
2029,real_nonres_fixed_invest,4143.5,projected
2030,real_nonres_fixed_invest,4235.4,projected
2031,real_nonres_fixed_invest,4345.7,projected
2032,real_nonres_fixed_invest,4473.8,projected
2033,real_nonres_fixed_invest,4607.1,projected
2034,real_nonres_fixed_invest,4740.4,projected
2035,real_nonres_fixed_invest,4880.2,projected
2036,real_nonres_fixed_invest,5027.7,projected
2023,real_nonres_fixed_invest_pct_change,7.253,actual
2024,real_nonres_fixed_invest_pct_change,2.932,actual
2025,real_nonres_fixed_invest_pct_change,4.09,projected
2026,real_nonres_fixed_invest_pct_change,3.592,projected
2027,real_nonres_fixed_invest_pct_change,3.716,projected
2028,real_nonres_fixed_invest_pct_change,2.97,projected
2029,real_nonres_fixed_invest_pct_change,2.251,projected
2030,real_nonres_fixed_invest_pct_change,2.217,projected
2031,real_nonres_fixed_invest_pct_change,2.604,projected
2032,real_nonres_fixed_invest_pct_change,2.947,projected
2033,real_nonres_fixed_invest_pct_change,2.979,projected
2034,real_nonres_fixed_invest_pct_change,2.893,projected
2035,real_nonres_fixed_invest_pct_change,2.949,projected
2036,real_nonres_fixed_invest_pct_change,3.022,projected
2023,real_pce,15627.8,actual
2024,real_pce,16088.5,actual
2025,real_pce,16494.6,projected
2026,real_pce,16806.8,projected
2027,real_pce,17086.1,projected
2028,real_pce,17361.9,projected
2029,real_pce,17658.7,projected
2030,real_pce,18005.9,projected
2031,real_pce,18352.4,projected
2032,real_pce,18688.2,projected
2033,real_pce,19049.9,projected
2034,real_pce,19425.3,projected
2035,real_pce,19813.4,projected
2036,real_pce,20218.3,projected
2023,real_pce_pct_change,2.565,actual
2024,real_pce_pct_change,2.948,actual
2025,real_pce_pct_change,2.524,projected
2026,real_pce_pct_change,1.892,projected
2027,real_pce_pct_change,1.662,projected
2028,real_pce_pct_change,1.613,projected
2029,real_pce_pct_change,1.709,projected
2030,real_pce_pct_change,1.965,projected
2031,real_pce_pct_change,1.924,projected
2032,real_pce_pct_change,1.829,projected
2033,real_pce_pct_change,1.935,projected
2034,real_pce_pct_change,1.97,projected
2035,real_pce_pct_change,1.997,projected
2036,real_pce_pct_change,2.043,projected
2023,real_potential_gdp,22453.3,actual
2024,real_potential_gdp,23051.6,actual
2025,real_potential_gdp,23613.6,projected
2026,real_potential_gdp,24136.7,projected
2027,real_potential_gdp,24655.6,projected
2028,real_potential_gdp,25173.7,projected
2029,real_potential_gdp,25687.2,projected
2030,real_potential_gdp,26206.3,projected
2031,real_potential_gdp,26723.2,projected
2032,real_potential_gdp,27231.7,projected
2033,real_potential_gdp,27736.1,projected
2034,real_potential_gdp,28239.8,projected
2035,real_potential_gdp,28743.6,projected
2036,real_potential_gdp,29251.7,projected
2023,real_potential_gdp_pct_change,2.623,actual
2024,real_potential_gdp_pct_change,2.664,actual
2025,real_potential_gdp_pct_change,2.438,projected
2026,real_potential_gdp_pct_change,2.215,projected
2027,real_potential_gdp_pct_change,2.149,projected
2028,real_potential_gdp_pct_change,2.101,projected
2029,real_potential_gdp_pct_change,2.039,projected
2030,real_potential_gdp_pct_change,2.02,projected
2031,real_potential_gdp_pct_change,1.972,projected
2032,real_potential_gdp_pct_change,1.902,projected
2033,real_potential_gdp_pct_change,1.852,projected
2034,real_potential_gdp_pct_change,1.816,projected
2035,real_potential_gdp_pct_change,1.784,projected
2036,real_potential_gdp_pct_change,1.767,projected
2023,real_res_fixed_invest,766.1,actual
2024,real_res_fixed_invest,790.4,actual
2025,real_res_fixed_invest,778.0,projected
2026,real_res_fixed_invest,783.0,projected
2027,real_res_fixed_invest,811.5,projected
2028,real_res_fixed_invest,835.7,projected
2029,real_res_fixed_invest,850.2,projected
2030,real_res_fixed_invest,858.3,projected
2031,real_res_fixed_invest,856.1,projected
2032,real_res_fixed_invest,843.8,projected
2033,real_res_fixed_invest,831.7,projected
2034,real_res_fixed_invest,827.4,projected
2035,real_res_fixed_invest,832.3,projected
2036,real_res_fixed_invest,839.0,projected
2023,real_res_fixed_invest_pct_change,-7.836,actual
2024,real_res_fixed_invest_pct_change,3.167,actual
2025,real_res_fixed_invest_pct_change,-1.56,projected
2026,real_res_fixed_invest_pct_change,0.642,projected
2027,real_res_fixed_invest_pct_change,3.637,projected
2028,real_res_fixed_invest_pct_change,2.983,projected
2029,real_res_fixed_invest_pct_change,1.733,projected
2030,real_res_fixed_invest_pct_change,0.946,projected
2031,real_res_fixed_invest_pct_change,-0.257,projected
2032,real_res_fixed_invest_pct_change,-1.437,projected
2033,real_res_fixed_invest_pct_change,-1.424,projected
2034,real_res_fixed_invest_pct_change,-0.519,projected
2035,real_res_fixed_invest_pct_change,0.595,projected
2036,real_res_fixed_invest_pct_change,0.804,projected
2023,real_sl_government_c_gi,2329.2,actual
2024,real_sl_government_c_gi,2417.8,actual
2025,real_sl_government_c_gi,2475.4,projected
2026,real_sl_government_c_gi,2494.7,projected
2027,real_sl_government_c_gi,2505.0,projected
2028,real_sl_government_c_gi,2514.7,projected
2029,real_sl_government_c_gi,2525.3,projected
2030,real_sl_government_c_gi,2534.3,projected
2031,real_sl_government_c_gi,2544.3,projected
2032,real_sl_government_c_gi,2554.9,projected
2033,real_sl_government_c_gi,2564.3,projected
2034,real_sl_government_c_gi,2572.2,projected
2035,real_sl_government_c_gi,2577.1,projected
2036,real_sl_government_c_gi,2581.3,projected
2023,real_sl_government_c_gi_pct_change,3.583,actual
2024,real_sl_government_c_gi_pct_change,3.803,actual
2025,real_sl_government_c_gi_pct_change,2.382,projected
2026,real_sl_government_c_gi_pct_change,0.779,projected
2027,real_sl_government_c_gi_pct_change,0.41,projected
2028,real_sl_government_c_gi_pct_change,0.388,projected
2029,real_sl_government_c_gi_pct_change,0.422,projected
2030,real_sl_government_c_gi_pct_change,0.356,projected
2031,real_sl_government_c_gi_pct_change,0.393,projected
2032,real_sl_government_c_gi_pct_change,0.417,projected
2033,real_sl_government_c_gi_pct_change,0.367,projected
2034,real_sl_government_c_gi_pct_change,0.308,projected
2035,real_sl_government_c_gi_pct_change,0.19,projected
2036,real_sl_government_c_gi_pct_change,0.162,projected
2023,rental_inc_adj,1002.5,actual
2024,rental_inc_adj,1078.2,actual
2025,rental_inc_adj,1122.5,projected
2026,rental_inc_adj,1147.5,projected
2027,rental_inc_adj,1186.2,projected
2028,rental_inc_adj,1216.7,projected
2029,rental_inc_adj,1243.0,projected
2030,rental_inc_adj,1263.7,projected
2031,rental_inc_adj,1288.9,projected
2032,rental_inc_adj,1319.5,projected
2033,rental_inc_adj,1358.5,projected
2034,rental_inc_adj,1402.2,projected
2035,rental_inc_adj,1449.8,projected
2036,rental_inc_adj,1500.8,projected
2023,rental_inc_adj_share_of_gdp,3.6,actual
2024,rental_inc_adj_share_of_gdp,3.7,actual
2025,rental_inc_adj_share_of_gdp,3.7,projected
2026,rental_inc_adj_share_of_gdp,3.6,projected
2027,rental_inc_adj_share_of_gdp,3.5,projected
2028,rental_inc_adj_share_of_gdp,3.5,projected
2029,rental_inc_adj_share_of_gdp,3.4,projected
2030,rental_inc_adj_share_of_gdp,3.3,projected
2031,rental_inc_adj_share_of_gdp,3.3,projected
2032,rental_inc_adj_share_of_gdp,3.2,projected
2033,rental_inc_adj_share_of_gdp,3.2,projected
2034,rental_inc_adj_share_of_gdp,3.2,projected
2035,rental_inc_adj_share_of_gdp,3.2,projected
2036,rental_inc_adj_share_of_gdp,3.2,projected
2023,res_fixed_invest,1114.0,actual
2024,res_fixed_invest,1182.8,actual
2025,res_fixed_invest,1201.8,projected
2026,res_fixed_invest,1244.0,projected
2027,res_fixed_invest,1323.5,projected
2028,res_fixed_invest,1399.5,projected
2029,res_fixed_invest,1463.0,projected
2030,res_fixed_invest,1517.6,projected
2031,res_fixed_invest,1555.4,projected
2032,res_fixed_invest,1573.7,projected
2033,res_fixed_invest,1591.5,projected
2034,res_fixed_invest,1624.0,projected
2035,res_fixed_invest,1676.6,projected
2036,res_fixed_invest,1735.5,projected
2023,res_fixed_invest_pct_change,-5.472,actual
2024,res_fixed_invest_pct_change,6.175,actual
2025,res_fixed_invest_pct_change,1.599,projected
2026,res_fixed_invest_pct_change,3.515,projected
2027,res_fixed_invest_pct_change,6.388,projected
2028,res_fixed_invest_pct_change,5.742,projected
2029,res_fixed_invest_pct_change,4.539,projected
2030,res_fixed_invest_pct_change,3.733,projected
2031,res_fixed_invest_pct_change,2.49,projected
2032,res_fixed_invest_pct_change,1.177,projected
2033,res_fixed_invest_pct_change,1.128,projected
2034,res_fixed_invest_pct_change,2.045,projected
2035,res_fixed_invest_pct_change,3.235,projected
2036,res_fixed_invest_pct_change,3.515,projected
2023,sl_government_c_gi,2975.5,actual
2024,sl_government_c_gi,3148.7,actual
2025,sl_government_c_gi,3299.1,projected
2026,sl_government_c_gi,3432.9,projected
2027,sl_government_c_gi,3558.9,projected
2028,sl_government_c_gi,3681.4,projected
2029,sl_government_c_gi,3805.5,projected
2030,sl_government_c_gi,3929.6,projected
2031,sl_government_c_gi,4058.9,projected
2032,sl_government_c_gi,4193.5,projected
2033,sl_government_c_gi,4330.1,projected
2034,sl_government_c_gi,4469.0,projected
2035,sl_government_c_gi,4608.4,projected
2036,sl_government_c_gi,4752.1,projected
2023,sl_government_c_gi_pct_change,5.6,actual
2024,sl_government_c_gi_pct_change,5.823,actual
2025,sl_government_c_gi_pct_change,4.773,projected
2026,sl_government_c_gi_pct_change,4.057,projected
2027,sl_government_c_gi_pct_change,3.669,projected
2028,sl_government_c_gi_pct_change,3.443,projected
2029,sl_government_c_gi_pct_change,3.37,projected
2030,sl_government_c_gi_pct_change,3.26,projected
2031,sl_government_c_gi_pct_change,3.291,projected
2032,sl_government_c_gi_pct_change,3.315,projected
2033,sl_government_c_gi_pct_change,3.257,projected
2034,sl_government_c_gi_pct_change,3.208,projected
2035,sl_government_c_gi_pct_change,3.119,projected
2036,sl_government_c_gi_pct_change,3.119,projected
2023,treasury_bill_rate_3mo,5.068,actual
2024,treasury_bill_rate_3mo,4.966,actual
2025,treasury_bill_rate_3mo,4.056,projected
2026,treasury_bill_rate_3mo,3.329,projected
2027,treasury_bill_rate_3mo,3.248,projected
2028,treasury_bill_rate_3mo,3.216,projected
2029,treasury_bill_rate_3mo,3.196,projected
2030,treasury_bill_rate_3mo,3.184,projected
2031,treasury_bill_rate_3mo,3.171,projected
2032,treasury_bill_rate_3mo,3.147,projected
2033,treasury_bill_rate_3mo,3.132,projected
2034,treasury_bill_rate_3mo,3.123,projected
2035,treasury_bill_rate_3mo,3.118,projected
2036,treasury_bill_rate_3mo,3.116,projected
2023,treasury_note_rate_10yr,3.957,actual
2024,treasury_note_rate_10yr,4.208,actual
2025,treasury_note_rate_10yr,4.288,projected
2026,treasury_note_rate_10yr,4.127,projected
2027,treasury_note_rate_10yr,4.254,projected
2028,treasury_note_rate_10yr,4.303,projected
2029,treasury_note_rate_10yr,4.329,projected
2030,treasury_note_rate_10yr,4.342,projected
2031,treasury_note_rate_10yr,4.351,projected
2032,treasury_note_rate_10yr,4.359,projected
2033,treasury_note_rate_10yr,4.366,projected
2034,treasury_note_rate_10yr,4.374,projected
2035,treasury_note_rate_10yr,4.381,projected
2036,treasury_note_rate_10yr,4.388,projected
2023,unemployment_rate,3.633,actual
2024,unemployment_rate,4.033,actual
2025,unemployment_rate,4.274,projected
2026,unemployment_rate,4.556,projected
2027,unemployment_rate,4.535,projected
2028,unemployment_rate,4.478,projected
2029,unemployment_rate,4.387,projected
2030,unemployment_rate,4.302,projected
2031,unemployment_rate,4.276,projected
2032,unemployment_rate,4.255,projected
2033,unemployment_rate,4.235,projected
2034,unemployment_rate,4.214,projected
2035,unemployment_rate,4.193,projected
2036,unemployment_rate,4.171,projected
2023,wages_and_salaries,11732.4,actual
2024,wages_and_salaries,12387.9,actual
2025,wages_and_salaries,13000.4,projected
2026,wages_and_salaries,13551.9,projected
2027,wages_and_salaries,14135.1,projected
2028,wages_and_salaries,14720.6,projected
2029,wages_and_salaries,15308.7,projected
2030,wages_and_salaries,15912.1,projected
2031,wages_and_salaries,16525.5,projected
2032,wages_and_salaries,17146.2,projected
2033,wages_and_salaries,17783.0,projected
2034,wages_and_salaries,18440.3,projected
2035,wages_and_salaries,19121.2,projected
2036,wages_and_salaries,19828.9,projected
2023,wages_and_salaries_share_of_gdp,42.2,actual
2024,wages_and_salaries_share_of_gdp,42.3,actual
2025,wages_and_salaries_share_of_gdp,42.3,projected
2026,wages_and_salaries_share_of_gdp,42.0,projected
2027,wages_and_salaries_share_of_gdp,42.0,projected
2028,wages_and_salaries_share_of_gdp,42.1,projected
2029,wages_and_salaries_share_of_gdp,42.1,projected
2030,wages_and_salaries_share_of_gdp,42.2,projected
2031,wages_and_salaries_share_of_gdp,42.2,projected
2032,wages_and_salaries_share_of_gdp,42.2,projected
2033,wages_and_salaries_share_of_gdp,42.2,projected
2034,wages_and_salaries_share_of_gdp,42.1,projected
2035,wages_and_salaries_share_of_gdp,42.1,projected
2036,wages_and_salaries_share_of_gdp,42.1,projected
